time,temperature,humidity,feels_like,wind_speed,wind_direction,wind_gusts,weather_code,cloud_cover,precipitation,rain,showers,snowfall,surface_pressure,visibility
2026-06-24T00:00,28.2,91,35.0,6.2,173,13.0,3,100,0.0,0.0,0.0,0.0,1000.0,
2026-06-24T01:00,28.2,91,35.2,4.9,172,12.6,3,100,0.0,0.0,0.0,0.0,999.6,
2026-06-24T02:00,28.0,92,35.4,3.0,213,10.1,3,100,0.0,0.0,0.0,0.0,999.6,
2026-06-24T03:00,28.0,93,35.5,2.6,245,5.8,3,100,0.0,0.0,0.0,0.0,999.7,
2026-06-24T04:00,27.9,93,35.4,2.7,228,6.1,3,100,0.0,0.0,0.0,0.0,1000.0,
2026-06-24T05:00,28.6,88,35.2,6.9,217,7.2,3,100,0.0,0.0,0.0,0.0,1000.1,
2026-06-24T06:00,29.0,86,36.0,4.5,182,13.7,3,100,0.0,0.0,0.0,0.0,1000.7,
2026-06-24T07:00,29.2,87,36.6,3.4,186,9.4,3,100,0.0,0.0,0.0,0.0,1000.9,
2026-06-24T08:00,30.3,81,37.5,3.9,217,10.8,3,100,0.0,0.0,0.0,0.0,1001.3,
2026-06-24T09:00,30.9,75,37.8,3.2,251,12.6,3,95,0.0,0.0,0.0,0.0,1001.2,
2026-06-24T10:00,32.1,70,39.3,3.4,264,14.0,3,100,0.0,0.0,0.0,0.0,1001.3,
2026-06-24T11:00,33.4,68,40.7,4.0,180,14.8,3,98,0.0,0.0,0.0,0.0,1001.0,
2026-06-24T12:00,28.1,91,34.4,8.7,173,37.4,63,100,5.2,5.2,0.0,0.0,1000.7,
2026-06-24T13:00,29.1,88,36.3,5.5,171,20.5,51,98,0.2,0.2,0.0,0.0,999.9,
2026-06-24T14:00,30.9,81,38.7,2.7,180,17.3,51,100,0.1,0.1,0.0,0.0,999.7,
2026-06-24T15:00,30.8,81,38.1,6.0,171,15.8,3,100,0.0,0.0,0.0,0.0,999.3,
2026-06-24T16:00,30.6,83,37.9,6.2,172,16.9,3,100,0.0,0.0,0.0,0.0,999.3,
2026-06-24T17:00,30.2,78,36.6,5.5,142,15.5,3,97,0.0,0.0,0.0,0.0,998.8,
2026-06-24T18:00,29.5,81,35.4,9.6,160,20.5,3,97,0.0,0.0,0.0,0.0,999.4,
2026-06-24T19:00,28.9,85,34.9,9.8,166,22.0,3,96,0.0,0.0,0.0,0.0,1000.2,
2026-06-24T20:00,28.6,86,34.6,9.6,160,22.3,3,96,0.0,0.0,0.0,0.0,1001.0,
2026-06-24T21:00,28.4,87,34.6,8.2,158,20.2,2,60,0.0,0.0,0.0,0.0,1001.7,
2026-06-24T22:00,28.3,89,34.6,8.6,160,17.6,2,77,0.0,0.0,0.0,0.0,1002.1,
2026-06-24T23:00,29.0,92,36.2,9.0,160,20.2,3,98,0.0,0.0,0.0,0.0,1001.2,
2026-06-25T00:00,29.0,93,36.4,8.6,170,18.4,3,87,0.0,0.0,0.0,0.0,1001.2,
2026-06-25T01:00,29.3,92,36.7,8.8,185,18.7,1,49,0.0,0.0,0.0,0.0,1000.9,
2026-06-25T02:00,29.1,92,36.7,7.3,170,18.7,2,63,0.0,0.0,0.0,0.0,1000.7,
2026-06-25T03:00,29.0,93,36.4,8.0,172,16.9,1,45,0.0,0.0,0.0,0.0,1000.8,
2026-06-25T04:00,28.7,93,36.1,7.3,152,16.6,2,60,0.0,0.0,0.0,0.0,1001.1,
2026-06-25T05:00,28.0,95,34.9,8.6,158,15.1,3,83,0.0,0.0,0.0,0.0,1001.8,
2026-06-25T06:00,28.0,96,35.9,2.7,122,16.9,51,70,0.2,0.2,0.0,0.0,1002.2,
2026-06-25T07:00,29.1,94,37.3,4.0,148,13.3,55,13,1.0,1.0,0.0,0.0,1002.7,
2026-06-25T08:00,31.5,83,39.3,8.3,176,22.7,51,63,0.2,0.2,0.0,0.0,1002.6,
2026-06-25T09:00,32.4,80,40.7,7.0,181,22.7,2,65,0.0,0.0,0.0,0.0,1002.5,
2026-06-25T10:00,33.0,76,41.1,7.1,186,20.5,1,38,0.0,0.0,0.0,0.0,1002.1,
2026-06-25T11:00,34.9,62,43.4,5.4,180,25.6,1,46,0.0,0.0,0.0,0.0,1001.6,
2026-06-25T12:00,32.1,71,39.9,7.4,184,23.8,55,93,1.1,1.1,0.0,0.0,1001.9,
2026-06-25T13:00,31.0,73,36.2,13.8,156,31.7,51,99,0.4,0.4,0.0,0.0,1001.5,
2026-06-25T14:00,30.5,76,36.2,10.1,161,33.8,51,49,0.1,0.1,0.0,0.0,1000.6,
2026-06-25T15:00,31.3,77,37.7,9.9,177,25.6,2,70,0.0,0.0,0.0,0.0,1000.4,
2026-06-25T16:00,30.8,80,37.6,8.8,181,25.2,1,37,0.0,0.0,0.0,0.0,1000.0,
2026-06-25T17:00,28.2,80,33.4,8.0,155,21.2,3,98,0.0,0.0,0.0,0.0,1000.8,
2026-06-25T18:00,28.1,83,33.8,6.0,153,18.0,3,100,0.0,0.0,0.0,0.0,1001.6,
2026-06-25T19:00,28.1,85,34.1,6.6,147,14.8,3,100,0.0,0.0,0.0,0.0,1002.5,
2026-06-25T20:00,28.1,87,34.4,6.2,142,14.4,51,100,0.1,0.1,0.0,0.0,1003.1,
2026-06-25T21:00,28.1,88,34.8,4.5,133,12.6,3,100,0.0,0.0,0.0,0.0,1003.5,
2026-06-25T22:00,28.1,88,34.7,4.9,126,9.7,3,100,0.0,0.0,0.0,0.0,1003.6,
2026-06-25T23:00,27.1,88,32.5,8.8,157,10.8,3,100,0.0,0.0,0.0,0.0,1002.6,
2026-06-26T00:00,27.1,89,32.9,7.0,168,18.4,3,100,0.0,0.0,0.0,0.0,1002.1,
2026-06-26T01:00,27.1,90,33.2,6.0,170,14.8,3,100,0.0,0.0,0.0,0.0,1002.1,
2026-06-26T02:00,27.2,92,33.5,5.9,162,12.6,3,99,0.0,0.0,0.0,0.0,1002.3,
2026-06-26T03:00,27.3,92,33.5,6.7,149,14.4,2,50,0.0,0.0,0.0,0.0,1002.6,
2026-06-26T04:00,27.0,93,33.8,3.3,144,14.0,2,55,0.0,0.0,0.0,0.0,1002.7,
2026-06-26T05:00,27.5,95,34.5,5.2,134,6.8,1,24,0.0,0.0,0.0,0.0,1003.2,
2026-06-26T06:00,28.3,92,35.6,4.5,140,11.9,0,7,0.0,0.0,0.0,0.0,1003.4,
2026-06-26T07:00,29.6,87,37.1,5.0,154,15.1,1,23,0.0,0.0,0.0,0.0,1003.8,
2026-06-26T08:00,31.0,79,37.8,7.4,193,21.2,2,55,0.0,0.0,0.0,0.0,1004.3,
2026-06-26T09:00,32.1,72,39.4,5.7,189,20.2,2,73,0.0,0.0,0.0,0.0,1004.6,
2026-06-26T10:00,32.7,70,40.7,4.7,176,17.6,3,82,0.0,0.0,0.0,0.0,1004.5,
2026-06-26T11:00,31.5,76,40.2,8.5,175,18.7,51,100,0.1,0.1,0.0,0.0,1004.2,
2026-06-26T12:00,29.3,86,37.7,2.4,81,27.4,63,82,5.1,5.1,0.0,0.0,1004.1,
2026-06-26T13:00,31.2,79,39.4,4.0,150,15.5,53,13,0.8,0.8,0.0,0.0,1002.4,
2026-06-26T14:00,32.4,71,40.7,4.6,162,16.2,51,32,0.1,0.1,0.0,0.0,1001.7,
2026-06-26T15:00,32.6,67,39.1,4.5,175,16.6,1,45,0.0,0.0,0.0,0.0,1000.8,
2026-06-26T16:00,32.6,64,38.7,3.6,177,14.4,51,33,0.1,0.1,0.0,0.0,1000.4,
2026-06-26T17:00,32.9,60,38.5,4.3,197,14.0,0,12,0.0,0.0,0.0,0.0,1000.6,
2026-06-26T18:00,31.8,67,37.5,5.7,167,8.6,3,85,0.0,0.0,0.0,0.0,1001.3,
2026-06-26T19:00,30.1,76,35.8,8.6,169,21.2,0,13,0.0,0.0,0.0,0.0,1002.2,
2026-06-26T20:00,29.5,80,35.3,9.3,167,19.4,0,6,0.0,0.0,0.0,0.0,1002.7,
2026-06-26T21:00,29.0,83,35.0,9.2,169,20.9,0,3,0.0,0.0,0.0,0.0,1003.6,
2026-06-26T22:00,28.6,87,35.0,7.3,169,19.1,0,13,0.0,0.0,0.0,0.0,1004.0,
2026-06-26T23:00,28.7,87,35.3,6.9,163,15.5,2,66,0.0,0.0,0.0,0.0,1003.6,
2026-06-27T00:00,28.3,89,35.0,5.6,153,14.0,2,77,0.0,0.0,0.0,0.0,1003.2,
2026-06-27T01:00,28.0,90,34.7,5.9,140,12.6,2,56,0.0,0.0,0.0,0.0,1002.5,
2026-06-27T02:00,27.8,91,34.3,6.5,136,13.3,2,59,0.0,0.0,0.0,0.0,1002.2,
2026-06-27T03:00,27.6,92,34.1,6.6,139,14.4,3,91,0.0,0.0,0.0,0.0,1002.2,
2026-06-27T04:00,27.5,92,34.0,6.0,134,14.0,3,92,0.0,0.0,0.0,0.0,1002.4,
2026-06-27T05:00,28.1,91,34.8,6.6,127,14.0,2,53,0.0,0.0,0.0,0.0,1002.7,
2026-06-27T06:00,28.8,88,35.9,5.1,138,13.3,2,70,0.0,0.0,0.0,0.0,1003.1,
2026-06-27T07:00,29.9,83,36.8,5.5,148,15.8,3,93,0.0,0.0,0.0,0.0,1003.0,
2026-06-27T08:00,31.1,75,37.5,7.5,165,20.9,2,78,0.0,0.0,0.0,0.0,1003.4,
2026-06-27T09:00,32.0,71,39.0,6.5,152,20.9,1,45,0.0,0.0,0.0,0.0,1003.3,
2026-06-27T10:00,33.0,65,40.7,6.1,150,19.8,1,39,0.0,0.0,0.0,0.0,1003.1,
2026-06-27T11:00,33.9,58,41.1,5.8,150,20.2,51,18,0.1,0.1,0.0,0.0,1002.6,
2026-06-27T12:00,34.3,55,40.9,8.0,155,22.0,51,26,0.2,0.2,0.0,0.0,1001.8,
2026-06-27T13:00,33.2,61,39.4,10.2,173,26.3,53,46,0.6,0.6,0.0,0.0,1000.8,
2026-06-27T14:00,33.1,64,39.1,7.6,179,26.6,51,15,0.2,0.2,0.0,0.0,1000.2,
2026-06-27T15:00,32.8,64,38.1,10.3,177,24.8,51,39,0.2,0.2,0.0,0.0,999.3,
2026-06-27T16:00,32.0,70,37.8,9.3,172,26.3,51,20,0.1,0.1,0.0,0.0,999.1,
2026-06-27T17:00,29.2,89,36.6,5.5,136,21.6,51,27,0.1,0.1,0.0,0.0,999.8,
2026-06-27T18:00,29.5,90,37.0,7.0,159,11.5,53,27,0.5,0.5,0.0,0.0,1000.5,
2026-06-27T19:00,29.4,85,35.4,12.3,165,23.8,0,5,0.0,0.0,0.0,0.0,1001.0,
2026-06-27T20:00,29.1,84,34.7,12.0,171,24.8,1,35,0.0,0.0,0.0,0.0,1001.6,
2026-06-27T21:00,28.8,86,34.7,11.3,173,25.2,2,76,0.0,0.0,0.0,0.0,1002.4,
2026-06-27T22:00,28.6,88,34.8,9.9,180,23.8,3,88,0.0,0.0,0.0,0.0,1002.8,
2026-06-27T23:00,28.9,87,35.5,8.1,176,20.5,3,99,0.0,0.0,0.0,0.0,1001.9,
2026-06-28T00:00,28.5,89,35.3,6.1,166,16.6,3,98,0.0,0.0,0.0,0.0,1001.3,
2026-06-28T01:00,28.3,89,35.0,7.0,162,14.4,3,98,0.0,0.0,0.0,0.0,1000.8,
2026-06-28T02:00,28.1,90,34.2,9.9,168,19.8,3,99,0.0,0.0,0.0,0.0,1000.6,
2026-06-28T03:00,27.6,90,33.5,9.6,177,22.3,3,99,0.0,0.0,0.0,0.0,1000.7,
2026-06-28T04:00,27.5,91,33.5,8.6,179,20.2,3,96,0.0,0.0,0.0,0.0,1000.9,
2026-06-28T05:00,28.3,89,34.8,7.5,159,20.2,3,89,0.0,0.0,0.0,0.0,1001.0,
2026-06-28T06:00,29.0,88,36.1,5.9,145,14.4,3,94,0.0,0.0,0.0,0.0,1001.5,
2026-06-28T07:00,30.3,83,37.4,6.6,159,18.0,3,84,0.0,0.0,0.0,0.0,1001.9,
2026-06-28T08:00,31.4,80,38.7,7.8,171,22.0,51,96,0.1,0.1,0.0,0.0,1002.3,
2026-06-28T09:00,31.8,78,39.3,9.6,176,24.8,51,95,0.1,0.1,0.0,0.0,1002.4,
2026-06-28T10:00,28.5,90,35.7,5.2,211,33.1,63,86,7.5,7.5,0.0,0.0,1002.3,
2026-06-28T11:00,30.9,83,39.0,8.8,182,25.2,61,41,1.6,1.6,0.0,0.0,1001.7,
2026-06-28T12:00,32.8,75,42.1,8.7,193,26.3,51,45,0.3,0.3,0.0,0.0,1001.0,
2026-06-28T13:00,32.5,73,41.0,9.3,214,27.0,51,66,0.3,0.3,0.0,0.0,999.6,
2026-06-28T14:00,30.8,79,38.1,4.4,235,27.7,61,94,1.6,1.6,0.0,0.0,998.3,
2026-06-28T15:00,32.0,74,38.7,7.7,204,19.1,51,98,0.2,0.2,0.0,0.0,997.8,
2026-06-28T16:00,31.0,75,36.7,12.0,204,26.6,51,100,0.3,0.3,0.0,0.0,998.4,
2026-06-28T17:00,29.4,84,35.7,9.7,183,30.6,53,100,0.5,0.5,0.0,0.0,998.4,
2026-06-28T18:00,29.3,86,35.7,9.9,181,22.7,51,100,0.1,0.1,0.0,0.0,998.8,
2026-06-28T19:00,29.0,87,35.5,8.8,184,21.2,3,100,0.0,0.0,0.0,0.0,999.6,
2026-06-28T20:00,28.7,88,35.2,8.6,178,18.7,3,99,0.0,0.0,0.0,0.0,1000.3,
2026-06-28T21:00,28.6,89,35.2,8.1,174,18.7,3,98,0.0,0.0,0.0,0.0,1000.7,
2026-06-28T22:00,28.4,91,35.3,7.0,180,16.9,3,99,0.0,0.0,0.0,0.0,1001.0,
2026-06-28T23:00,29.6,87,36.3,10.1,180,15.8,3,100,0.0,0.0,0.0,0.0,1000.9,
2026-06-29T00:00,29.2,88,36.0,9.5,180,20.5,3,98,0.0,0.0,0.0,0.0,1000.2,
2026-06-29T01:00,28.9,91,36.3,5.7,139,19.4,3,99,0.0,0.0,0.0,0.0,999.4,
2026-06-29T02:00,28.7,92,36.0,6.9,149,15.1,3,100,0.0,0.0,0.0,0.0,999.1,
2026-06-29T03:00,28.6,93,36.0,6.0,164,14.0,3,95,0.0,0.0,0.0,0.0,999.3,
2026-06-29T04:00,28.6,93,35.8,7.6,177,15.5,2,62,0.0,0.0,0.0,0.0,999.3,
2026-06-29T05:00,29.0,91,36.2,7.6,192,15.5,3,95,0.0,0.0,0.0,0.0,999.1,
2026-06-29T06:00,29.6,89,37.2,5.8,187,15.1,3,91,0.0,0.0,0.0,0.0,999.4,
2026-06-29T07:00,30.1,84,37.6,5.1,253,16.6,51,99,0.2,0.2,0.0,0.0,1000.0,
2026-06-29T08:00,29.3,90,36.4,8.9,207,20.9,63,100,4.3,4.3,0.0,0.0,1000.6,
2026-06-29T09:00,28.8,90,36.6,1.9,119,25.9,55,99,1.0,1.0,0.0,0.0,1001.1,
2026-06-29T10:00,29.9,88,37.9,3.4,196,13.0,53,98,0.6,0.6,0.0,0.0,1000.5,
2026-06-29T11:00,32.7,72,40.4,1.9,229,15.8,51,100,0.3,0.3,0.0,0.0,1000.0,
2026-06-29T12:00,33.9,68,43.0,0.6,162,10.4,3,100,0.0,0.0,0.0,0.0,999.3,
2026-06-29T13:00,34.0,66,41.8,3.1,80,17.3,3,100,0.0,0.0,0.0,0.0,998.5,
2026-06-29T14:00,29.7,86,37.0,6.0,207,25.2,63,100,2.9,2.9,0.0,0.0,998.9,
2026-06-29T15:00,29.1,85,35.8,6.8,215,18.4,61,99,1.4,1.4,0.0,0.0,998.7,
2026-06-29T16:00,28.2,92,35.6,3.6,279,23.8,63,100,4.0,4.0,0.0,0.0,998.4,
2026-06-29T17:00,28.1,94,35.7,3.8,101,11.2,53,100,0.6,0.6,0.0,0.0,998.7,
2026-06-29T18:00,27.3,96,33.6,10.5,145,21.6,63,100,4.0,4.0,0.0,0.0,999.4,
2026-06-29T19:00,27.1,96,33.8,6.8,169,20.5,63,100,4.0,4.0,0.0,0.0,999.9,
2026-06-29T20:00,27.5,96,35.0,2.3,148,11.5,55,100,1.0,1.0,0.0,0.0,1000.5,
2026-06-29T21:00,27.6,96,35.0,4.0,175,7.2,51,100,0.2,0.2,0.0,0.0,1000.8,
2026-06-29T22:00,27.7,95,35.2,2.9,191,9.7,3,100,0.0,0.0,0.0,0.0,1000.8,
2026-06-29T23:00,27.4,97,34.5,5.1,141,7.9,3,100,0.0,0.0,0.0,0.0,1000.2,
2026-06-30T00:00,27.1,95,33.6,7.3,170,15.1,3,100,0.0,0.0,0.0,0.0,1000.1,
2026-06-30T01:00,27.0,94,33.5,5.5,142,15.1,3,100,0.0,0.0,0.0,0.0,999.7,
2026-06-30T02:00,26.9,94,33.3,5.6,201,13.0,3,100,0.0,0.0,0.0,0.0,999.2,
2026-06-30T03:00,27.0,94,33.6,4.4,122,11.5,51,100,0.1,0.1,0.0,0.0,999.9,
2026-06-30T04:00,26.8,95,33.9,1.6,186,10.4,51,100,0.2,0.2,0.0,0.0,999.5,
2026-06-30T05:00,27.1,95,34.1,3.4,177,8.6,3,100,0.0,0.0,0.0,0.0,999.5,
2026-06-30T06:00,27.5,93,34.4,3.8,139,10.8,3,100,0.0,0.0,0.0,0.0,1000.3,
2026-06-30T07:00,27.7,91,34.7,3.2,117,11.2,3,81,0.0,0.0,0.0,0.0,1000.7,
2026-06-30T08:00,29.5,82,36.3,3.5,152,13.3,51,82,0.1,0.1,0.0,0.0,1000.8,
2026-06-30T09:00,30.8,74,37.4,6.5,204,19.8,51,96,0.1,0.1,0.0,0.0,1000.9,
2026-06-30T10:00,31.5,74,39.1,4.9,190,20.2,51,99,0.1,0.1,0.0,0.0,1000.9,
2026-06-30T11:00,31.7,70,39.1,3.3,234,17.6,3,100,0.0,0.0,0.0,0.0,1001.1,
2026-06-30T12:00,32.3,69,40.2,0.4,360,14.0,51,100,0.1,0.1,0.0,0.0,999.9,
2026-06-30T13:00,28.1,87,34.3,13.7,182,34.9,61,100,2.0,2.0,0.0,0.0,1000.1,
2026-06-30T14:00,26.9,94,32.8,9.6,168,34.2,61,100,2.2,2.2,0.0,0.0,999.5,
2026-06-30T15:00,27.8,89,34.1,6.7,182,20.9,61,100,1.6,1.6,0.0,0.0,999.0,
2026-06-30T16:00,27.5,91,34.0,5.3,192,17.6,61,100,1.3,1.3,0.0,0.0,998.4,
2026-06-30T17:00,27.8,93,34.8,5.4,186,13.0,61,100,1.5,1.5,0.0,0.0,998.4,
2026-06-30T18:00,27.5,96,34.9,3.6,160,11.9,53,100,0.6,0.6,0.0,0.0,998.7,
2026-06-30T19:00,27.4,96,34.4,5.9,160,11.5,51,100,0.3,0.3,0.0,0.0,999.4,
2026-06-30T20:00,27.5,96,35.1,2.4,153,11.2,3,100,0.0,0.0,0.0,0.0,1000.0,
2026-06-30T21:00,27.6,96,35.4,1.7,131,4.3,3,98,0.0,0.0,0.0,0.0,1000.9,
2026-06-30T22:00,27.6,96,35.2,3.2,133,6.1,3,98,0.0,0.0,0.0,0.0,1001.2,
2026-06-30T23:00,27.3,96,34.1,6.6,135,13.3,3,100,0.0,0.0,0.0,0.0,1000.6,
2026-07-01T00:00,27.0,96,33.7,5.8,141,13.7,3,98,0.0,0.0,0.0,0.0,1000.0,
2026-07-01T01:00,27.0,95,33.4,7.2,148,14.0,3,98,0.0,0.0,0.0,0.0,999.4,
2026-07-01T02:00,26.7,94,32.7,7.5,159,16.6,3,98,0.0,0.0,0.0,0.0,999.2,
2026-07-01T03:00,26.5,94,32.4,7.4,157,15.5,3,98,0.0,0.0,0.0,0.0,999.2,
2026-07-01T04:00,25.8,95,31.3,8.6,195,22.7,51,81,0.4,0.4,0.0,0.0,999.5,
2026-07-01T05:00,27.3,91,33.8,4.3,246,18.0,51,75,0.1,0.1,0.0,0.0,999.1,
2026-07-01T06:00,28.1,90,35.2,2.9,210,8.6,3,89,0.0,0.0,0.0,0.0,999.5,
2026-07-01T07:00,28.4,86,34.7,7.0,145,18.4,51,100,0.1,0.1,0.0,0.0,1000.2,
2026-07-01T08:00,27.9,91,34.5,6.4,142,18.7,53,98,0.8,0.8,0.0,0.0,1000.2,
2026-07-01T09:00,29.6,84,36.4,6.3,141,18.7,51,97,0.4,0.4,0.0,0.0,1000.1,
2026-07-01T10:00,30.7,80,38.0,8.2,154,22.7,51,91,0.3,0.3,0.0,0.0,1000.0,
2026-07-01T11:00,31.2,71,38.7,5.9,140,24.8,51,72,0.2,0.2,0.0,0.0,1000.0,
2026-07-01T12:00,31.5,72,39.3,7.1,139,23.0,53,78,0.5,0.5,0.0,0.0,998.9,
2026-07-01T13:00,30.9,75,37.1,8.3,180,23.4,51,40,0.1,0.1,0.0,0.0,997.9,
2026-07-01T14:00,30.8,75,37.5,7.7,169,24.1,51,74,0.4,0.4,0.0,0.0,997.7,
2026-07-01T15:00,30.5,75,36.6,6.7,142,21.6,53,41,0.6,0.6,0.0,0.0,997.1,
2026-07-01T16:00,30.6,78,37.1,6.5,146,18.7,51,30,0.4,0.4,0.0,0.0,996.9,
2026-07-01T17:00,29.8,80,35.9,8.1,155,16.2,51,75,0.3,0.3,0.0,0.0,997.1,
2026-07-01T18:00,29.1,85,36.1,3.6,131,18.0,3,91,0.0,0.0,0.0,0.0,997.8,
2026-07-01T19:00,28.7,86,35.4,5.0,134,10.1,3,88,0.0,0.0,0.0,0.0,998.4,
2026-07-01T20:00,28.4,85,34.7,6.4,148,13.3,3,95,0.0,0.0,0.0,0.0,999.2,
2026-07-01T21:00,28.2,87,34.4,7.1,150,14.0,51,99,0.2,0.2,0.0,0.0,1000.2,
2026-07-01T22:00,27.9,89,34.0,8.6,149,17.6,51,99,0.2,0.2,0.0,0.0,1000.4,
2026-07-01T23:00,28.4,85,34.3,8.4,161,18.7,3,100,0.0,0.0,0.0,0.0,1000.2,
2026-07-02T00:00,27.7,88,33.9,6.1,152,17.3,51,99,0.1,0.1,0.0,0.0,999.8,
2026-07-02T01:00,27.2,90,33.2,6.7,178,13.0,3,98,0.0,0.0,0.0,0.0,999.3,
2026-07-02T02:00,26.2,94,32.2,5.6,182,19.4,53,88,0.5,0.5,0.0,0.0,998.8,
2026-07-02T03:00,25.8,94,31.4,6.4,137,13.3,51,91,0.1,0.1,0.0,0.0,998.7,
2026-07-02T04:00,25.8,94,31.6,5.5,128,14.0,3,91,0.0,0.0,0.0,0.0,998.7,
2026-07-02T05:00,27.4,91,33.4,8.1,96,15.5,3,98,0.0,0.0,0.0,0.0,998.4,
2026-07-02T06:00,28.0,90,34.4,7.4,108,16.9,3,87,0.0,0.0,0.0,0.0,998.6,
2026-07-02T07:00,29.0,84,34.9,9.9,127,25.9,3,81,0.0,0.0,0.0,0.0,999.0,
2026-07-02T08:00,29.8,81,36.1,8.6,120,25.9,51,84,0.1,0.1,0.0,0.0,999.1,
2026-07-02T09:00,30.9,77,37.4,9.7,115,28.4,3,100,0.0,0.0,0.0,0.0,999.3,
2026-07-02T10:00,31.8,72,39.0,10.2,120,32.0,3,100,0.0,0.0,0.0,0.0,999.0,
2026-07-02T11:00,31.5,74,38.2,10.6,104,31.0,3,100,0.0,0.0,0.0,0.0,998.7,
2026-07-02T12:00,32.3,71,40.2,4.4,109,30.2,51,98,0.4,0.4,0.0,0.0,998.1,
2026-07-02T13:00,33.0,66,40.5,9.3,119,29.9,51,83,0.1,0.1,0.0,0.0,997.3,
2026-07-02T14:00,27.0,95,33.1,9.2,147,37.8,63,100,7.2,7.2,0.0,0.0,997.6,
2026-07-02T15:00,28.1,90,35.4,2.2,125,22.0,61,90,1.3,1.3,0.0,0.0,996.7,
2026-07-02T16:00,29.1,86,36.3,3.4,108,12.2,2,65,0.0,0.0,0.0,0.0,996.3,
2026-07-02T17:00,30.8,77,37.4,6.6,143,14.0,3,84,0.0,0.0,0.0,0.0,997.0,
2026-07-02T18:00,28.7,90,35.9,5.5,163,16.6,61,93,1.6,1.6,0.0,0.0,997.9,
2026-07-02T19:00,28.7,89,35.6,6.0,136,10.4,51,93,0.1,0.1,0.0,0.0,998.5,
2026-07-02T20:00,28.5,88,34.9,8.5,128,15.8,3,84,0.0,0.0,0.0,0.0,999.2,
2026-07-02T21:00,28.3,87,34.3,9.2,135,18.7,3,96,0.0,0.0,0.0,0.0,999.8,
2026-07-02T22:00,28.1,88,34.3,7.0,125,18.0,2,78,0.0,0.0,0.0,0.0,999.9,
2026-07-02T23:00,28.5,87,35.0,6.9,113,13.7,2,72,0.0,0.0,0.0,0.0,999.6,
2026-07-03T00:00,28.1,89,34.6,6.5,103,14.0,3,92,0.0,0.0,0.0,0.0,999.3,
2026-07-03T01:00,27.8,90,34.4,6.3,83,13.0,3,96,0.0,0.0,0.0,0.0,998.8,
2026-07-03T02:00,27.7,92,34.1,7.3,73,14.8,3,98,0.0,0.0,0.0,0.0,998.5,
2026-07-03T03:00,27.5,93,33.9,8.0,76,16.2,3,100,0.0,0.0,0.0,0.0,998.2,
2026-07-03T04:00,27.4,93,33.8,8.3,84,16.9,3,100,0.0,0.0,0.0,0.0,998.2,
2026-07-03T05:00,27.1,96,33.6,7.9,77,21.2,51,98,0.1,0.1,0.0,0.0,998.5,
2026-07-03T06:00,27.6,93,33.8,9.5,88,20.9,51,84,0.1,0.1,0.0,0.0,998.7,
2026-07-03T07:00,28.7,87,34.5,12.1,79,30.6,51,84,0.2,0.2,0.0,0.0,998.6,
2026-07-03T08:00,29.7,81,35.2,12.8,89,31.3,51,66,0.1,0.1,0.0,0.0,998.6,
2026-07-03T09:00,30.9,75,36.8,13.9,96,33.8,51,79,0.1,0.1,0.0,0.0,998.5,
2026-07-03T10:00,31.7,73,38.5,12.8,88,36.0,51,97,0.1,0.1,0.0,0.0,998.3,
2026-07-03T11:00,32.3,73,39.7,12.4,87,38.2,51,95,0.1,0.1,0.0,0.0,998.1,
2026-07-03T12:00,32.6,69,39.9,13.3,93,36.4,51,95,0.1,0.1,0.0,0.0,997.3,
2026-07-03T13:00,32.8,67,39.3,13.7,90,40.7,2,74,0.0,0.0,0.0,0.0,996.1,
2026-07-03T14:00,31.9,70,37.8,11.9,95,40.7,53,91,0.9,0.9,0.0,0.0,995.8,
2026-07-03T15:00,32.1,70,37.7,11.7,99,31.3,51,91,0.2,0.2,0.0,0.0,995.2,
2026-07-03T16:00,29.8,83,36.3,8.7,103,29.2,61,98,1.3,1.3,0.0,0.0,995.2,
2026-07-03T17:00,29.7,84,36.7,6.3,93,17.6,53,95,0.8,0.8,0.0,0.0,995.7,
2026-07-03T18:00,29.8,82,36.4,7.5,80,15.5,3,98,0.0,0.0,0.0,0.0,996.2,
2026-07-03T19:00,29.7,80,35.4,10.8,105,22.7,51,98,0.1,0.1,0.0,0.0,996.7,
2026-07-03T20:00,29.4,80,34.8,10.5,107,23.0,3,100,0.0,0.0,0.0,0.0,997.3,
2026-07-03T21:00,29.0,81,34.6,9.5,101,22.7,3,100,0.0,0.0,0.0,0.0,998.0,
2026-07-03T22:00,28.6,84,34.3,9.6,87,20.2,3,98,0.0,0.0,0.0,0.0,997.9,
2026-07-03T23:00,28.7,83,34.1,11.7,80,22.0,3,100,0.0,0.0,0.0,0.0,997.4,
2026-07-04T00:00,28.3,85,33.8,10.9,73,24.5,3,98,0.0,0.0,0.0,0.0,996.4,
2026-07-04T01:00,28.0,87,33.4,11.6,69,24.8,3,100,0.0,0.0,0.0,0.0,995.9,
2026-07-04T02:00,27.7,88,33.0,11.6,64,24.8,3,98,0.0,0.0,0.0,0.0,995.9,
2026-07-04T03:00,27.5,88,32.7,12.1,63,26.6,3,100,0.0,0.0,0.0,0.0,995.6,
2026-07-04T04:00,27.5,87,32.3,13.5,67,29.2,3,100,0.0,0.0,0.0,0.0,995.3,
2026-07-04T05:00,27.8,87,32.7,13.9,59,29.9,3,100,0.0,0.0,0.0,0.0,995.0,
2026-07-04T06:00,28.0,87,33.0,14.5,63,32.0,51,100,0.3,0.3,0.0,0.0,995.1,
2026-07-04T07:00,28.2,88,33.2,16.8,77,34.9,53,98,0.7,0.7,0.0,0.0,995.3,
2026-07-04T08:00,28.9,86,34.5,14.3,78,39.6,61,98,2.2,2.2,0.0,0.0,995.6,
2026-07-04T09:00,30.3,78,35.3,16.2,89,42.1,51,98,0.2,0.2,0.0,0.0,995.5,
2026-07-04T10:00,28.8,87,34.8,14.2,105,50.4,63,95,3.4,3.4,0.0,0.0,995.2,
2026-07-04T11:00,31.8,68,35.6,20.3,91,36.7,2,61,0.0,0.0,0.0,0.0,994.9,
2026-07-04T12:00,32.2,66,37.1,19.8,89,47.2,51,77,0.1,0.1,0.0,0.0,993.9,
2026-07-04T13:00,32.0,67,36.0,20.4,93,46.4,51,99,0.1,0.1,0.0,0.0,993.0,
2026-07-04T14:00,30.0,78,34.7,16.8,86,46.4,51,77,0.3,0.3,0.0,0.0,992.8,
2026-07-04T15:00,30.2,80,35.9,13.0,80,37.8,2,73,0.0,0.0,0.0,0.0,992.4,
2026-07-04T16:00,30.8,76,36.3,13.5,88,34.9,51,59,0.2,0.2,0.0,0.0,992.1,
2026-07-04T17:00,30.2,82,36.0,13.5,67,32.4,51,91,0.1,0.1,0.0,0.0,992.0,
2026-07-04T18:00,29.8,79,35.0,14.0,72,31.0,3,95,0.0,0.0,0.0,0.0,992.6,
2026-07-04T19:00,29.4,81,34.8,12.6,71,29.9,3,90,0.0,0.0,0.0,0.0,993.3,
2026-07-04T20:00,29.1,80,34.1,12.8,80,27.0,2,78,0.0,0.0,0.0,0.0,994.0,
2026-07-04T21:00,28.7,81,33.4,14.4,81,31.0,51,78,0.1,0.1,0.0,0.0,994.5,
2026-07-04T22:00,28.3,83,32.8,15.2,83,32.8,3,87,0.0,0.0,0.0,0.0,994.3,
2026-07-04T23:00,28.4,85,33.3,14.7,82,33.8,3,98,0.0,0.0,0.0,0.0,993.9,
2026-07-05T00:00,27.9,88,32.8,14.9,83,32.0,3,95,0.0,0.0,0.0,0.0,993.3,
2026-07-05T01:00,27.5,90,32.7,14.2,83,32.0,51,99,0.1,0.1,0.0,0.0,992.7,
2026-07-05T02:00,27.3,89,31.9,15.7,87,32.8,53,97,0.5,0.5,0.0,0.0,992.9,
2026-07-05T03:00,26.9,92,31.6,15.6,82,33.1,53,100,0.6,0.6,0.0,0.0,992.8,
2026-07-05T04:00,27.0,90,31.5,16.4,86,34.9,51,100,0.3,0.3,0.0,0.0,993.0,
2026-07-05T05:00,27.3,94,32.8,14.8,84,36.0,51,99,0.4,0.4,0.0,0.0,993.1,
2026-07-05T06:00,27.1,95,32.3,16.1,80,31.7,55,99,1.0,1.0,0.0,0.0,993.5,
2026-07-05T07:00,27.6,92,32.7,16.7,89,34.2,55,100,1.2,1.2,0.0,0.0,993.3,
2026-07-05T08:00,28.3,89,33.8,15.0,80,34.2,53,100,0.6,0.6,0.0,0.0,993.8,
2026-07-05T09:00,29.7,80,34.7,15.3,88,37.1,51,100,0.2,0.2,0.0,0.0,993.8,
2026-07-05T10:00,30.6,76,35.7,15.5,86,36.4,51,100,0.2,0.2,0.0,0.0,993.0,
2026-07-05T11:00,30.3,77,35.9,16.3,103,40.0,51,100,0.1,0.1,0.0,0.0,993.2,
2026-07-05T12:00,29.8,79,34.6,15.8,98,40.7,53,100,0.5,0.5,0.0,0.0,992.5,
2026-07-05T13:00,30.2,73,34.5,15.5,105,36.7,55,100,1.0,1.0,0.0,0.0,992.0,
2026-07-05T14:00,29.6,81,35.0,13.6,98,36.0,51,100,0.3,0.3,0.0,0.0,991.6,
2026-07-05T15:00,29.5,79,34.2,15.9,108,37.4,51,92,0.4,0.4,0.0,0.0,991.3,
2026-07-05T16:00,28.7,83,33.5,14.4,116,35.3,53,95,0.5,0.5,0.0,0.0,991.1,
2026-07-05T17:00,27.4,94,33.2,12.2,109,35.6,61,100,1.3,1.3,0.0,0.0,991.7,
2026-07-05T18:00,27.1,95,32.9,12.0,130,25.9,61,98,1.5,1.5,0.0,0.0,992.5,
2026-07-05T19:00,27.2,95,33.0,12.2,136,23.4,53,98,0.6,0.6,0.0,0.0,993.5,
2026-07-05T20:00,27.0,94,32.4,13.1,133,26.3,51,100,0.4,0.4,0.0,0.0,994.3,
2026-07-05T21:00,26.9,93,32.2,13.2,125,26.3,51,100,0.3,0.3,0.0,0.0,994.8,
2026-07-05T22:00,27.0,91,31.8,14.8,124,30.2,51,100,0.2,0.2,0.0,0.0,994.9,
2026-07-05T23:00,26.4,93,30.9,15.8,148,33.5,53,100,0.9,0.9,0.0,0.0,994.3,
2026-07-06T00:00,25.7,97,30.7,12.1,139,33.1,63,100,3.1,3.1,0.0,0.0,993.9,
2026-07-06T01:00,26.5,96,31.4,15.4,145,29.9,51,99,0.4,0.4,0.0,0.0,993.7,
2026-07-06T02:00,26.1,95,30.9,13.9,134,30.6,51,95,0.4,0.4,0.0,0.0,993.6,
2026-07-06T03:00,26.1,95,31.2,12.4,120,27.0,51,98,0.2,0.2,0.0,0.0,993.7,
2026-07-06T04:00,26.3,95,31.4,12.6,112,25.9,51,52,0.1,0.1,0.0,0.0,993.7,
2026-07-06T05:00,26.7,95,32.2,12.4,132,27.0,51,91,0.3,0.3,0.0,0.0,994.0,
2026-07-06T06:00,27.0,91,32.2,12.6,128,26.6,51,100,0.1,0.1,0.0,0.0,994.7,
2026-07-06T07:00,27.6,87,32.1,15.9,134,34.9,51,78,0.3,0.3,0.0,0.0,995.4,
2026-07-06T08:00,28.6,82,33.2,15.6,154,38.2,51,86,0.1,0.1,0.0,0.0,995.6,
2026-07-06T09:00,29.6,80,34.8,14.1,161,36.0,51,79,0.4,0.4,0.0,0.0,996.1,
2026-07-06T10:00,30.4,75,35.8,13.8,173,40.7,51,78,0.2,0.2,0.0,0.0,995.8,
2026-07-06T11:00,29.2,81,35.1,11.2,195,38.5,53,99,0.8,0.8,0.0,0.0,996.2,
2026-07-06T12:00,30.1,78,35.8,13.6,208,36.4,51,99,0.4,0.4,0.0,0.0,995.9,
2026-07-06T13:00,29.1,79,34.0,14.8,193,38.5,61,100,1.5,1.5,0.0,0.0,995.3,
2026-07-06T14:00,29.0,86,35.1,10.3,167,35.3,55,99,1.2,1.2,0.0,0.0,995.3,
2026-07-06T15:00,28.8,82,33.7,14.1,194,36.0,55,99,1.1,1.1,0.0,0.0,995.1,
2026-07-06T16:00,28.0,88,33.5,11.7,146,31.7,53,99,0.6,0.6,0.0,0.0,995.4,
2026-07-06T17:00,28.9,86,34.7,11.9,180,25.9,51,99,0.3,0.3,0.0,0.0,995.9,
2026-07-06T18:00,27.9,88,33.6,10.8,183,27.4,51,98,0.4,0.4,0.0,0.0,996.7,
2026-07-06T19:00,26.9,92,31.8,14.1,155,28.1,53,100,0.7,0.7,0.0,0.0,997.7,
2026-07-06T20:00,26.7,93,31.6,14.3,175,31.7,53,98,0.5,0.5,0.0,0.0,998.4,
2026-07-06T21:00,27.1,92,31.8,16.2,179,31.7,51,96,0.4,0.4,0.0,0.0,999.4,
2026-07-06T22:00,26.0,95,30.7,14.6,176,37.8,61,95,1.6,1.6,0.0,0.0,999.7,
2026-07-06T23:00,27.2,93,32.4,14.7,168,28.8,53,100,0.6,0.6,0.0,0.0,999.3,
2026-07-07T00:00,27.0,92,32.3,12.5,176,29.9,3,100,0.0,0.0,0.0,0.0,998.8,
2026-07-07T01:00,27.5,92,33.1,12.6,176,27.0,3,91,0.0,0.0,0.0,0.0,998.5,
2026-07-07T02:00,25.7,96,30.5,13.2,183,27.7,63,100,3.0,3.0,0.0,0.0,998.6,
2026-07-07T03:00,25.1,97,30.5,7.8,132,25.9,65,100,10.3,10.3,0.0,0.0,999.4,
2026-07-07T04:00,25.4,97,30.6,10.2,150,23.4,63,90,2.8,2.8,0.0,0.0,999.4,
2026-07-07T05:00,27.3,91,33.1,9.6,176,22.7,51,91,0.3,0.3,0.0,0.0,999.2,
2026-07-07T06:00,28.2,88,33.6,13.9,180,29.2,3,88,0.0,0.0,0.0,0.0,999.2,
2026-07-07T07:00,28.3,83,32.9,15.5,180,34.9,51,98,0.2,0.2,0.0,0.0,1000.1,
2026-07-07T08:00,27.2,90,32.1,15.0,177,37.8,53,97,0.9,0.9,0.0,0.0,1001.0,
2026-07-07T09:00,29.1,85,34.1,17.0,203,37.1,51,80,0.4,0.4,0.0,0.0,1000.7,
2026-07-07T10:00,28.9,87,34.9,16.7,194,45.4,61,98,1.9,1.9,0.0,0.0,1000.7,
2026-07-07T11:00,29.4,85,36.2,9.2,173,38.9,53,99,0.5,0.5,0.0,0.0,1000.3,
2026-07-07T12:00,28.2,90,33.8,13.6,210,33.8,61,100,2.2,2.2,0.0,0.0,999.8,
2026-07-07T13:00,28.4,91,34.8,11.1,211,31.7,63,100,2.6,2.6,0.0,0.0,999.4,
2026-07-07T14:00,28.7,91,35.5,8.3,202,25.9,55,99,1.0,1.0,0.0,0.0,998.9,
2026-07-07T15:00,27.8,92,33.8,10.5,207,35.3,63,98,3.5,3.5,0.0,0.0,998.9,
2026-07-07T16:00,28.5,89,34.6,11.0,199,24.8,53,97,0.6,0.6,0.0,0.0,998.7,
2026-07-07T17:00,28.9,89,35.4,10.1,174,23.8,51,99,0.2,0.2,0.0,0.0,998.8,
2026-07-07T18:00,28.8,90,35.4,10.0,173,21.2,3,100,0.0,0.0,0.0,0.0,999.2,
2026-07-07T19:00,28.8,90,35.4,10.1,180,21.6,3,100,0.0,0.0,0.0,0.0,999.9,
2026-07-07T20:00,28.8,89,35.2,10.6,182,22.3,3,100,0.0,0.0,0.0,0.0,1001.0,
2026-07-07T21:00,29.0,86,35.0,11.0,184,23.8,3,100,0.0,0.0,0.0,0.0,1001.5,
2026-07-07T22:00,29.0,83,34.5,12.7,195,27.0,3,100,0.0,0.0,0.0,0.0,1001.8,
2026-07-07T23:00,29.5,81,34.8,13.1,199,28.1,3,100,0.0,0.0,0.0,0.0,1000.7,
2026-07-08T00:00,28.6,84,33.9,13.0,206,27.7,51,100,0.2,0.2,0.0,0.0,1000.4,
2026-07-08T01:00,28.2,87,33.7,12.3,201,27.7,53,100,0.5,0.5,0.0,0.0,999.9,
2026-07-08T02:00,28.4,86,33.9,12.2,208,24.8,3,99,0.0,0.0,0.0,0.0,999.7,
2026-07-08T03:00,27.8,87,33.0,12.7,209,28.1,51,93,0.3,0.3,0.0,0.0,999.6,
2026-07-08T04:00,27.5,88,32.4,13.6,197,28.1,51,98,0.1,0.1,0.0,0.0,1000.1,
2026-07-08T05:00,28.1,85,33.1,13.4,202,30.2,55,98,1.1,1.1,0.0,0.0,1000.2,
2026-07-08T06:00,28.5,84,33.9,11.7,194,27.7,3,84,0.0,0.0,0.0,0.0,1000.6,
2026-07-08T07:00,29.8,81,35.7,11.0,201,25.2,3,90,0.0,0.0,0.0,0.0,1000.9,
2026-07-08T08:00,30.8,76,36.1,14.8,210,34.2,3,95,0.0,0.0,0.0,0.0,1001.0,
2026-07-08T09:00,31.5,74,37.1,14.1,211,34.6,51,83,0.1,0.1,0.0,0.0,1001.0,
2026-07-08T10:00,31.5,76,37.2,14.2,198,35.3,51,99,0.3,0.3,0.0,0.0,1000.6,
2026-07-08T11:00,32.7,70,38.3,14.5,210,40.0,53,100,0.9,0.9,0.0,0.0,1000.8,
2026-07-08T12:00,31.6,73,37.7,14.0,215,39.6,53,99,0.5,0.5,0.0,0.0,1000.1,
2026-07-08T13:00,31.1,75,36.8,11.9,198,32.8,55,100,1.0,1.0,0.0,0.0,999.5,
2026-07-08T14:00,30.5,79,36.9,8.2,209,27.7,53,100,0.8,0.8,0.0,0.0,999.3,
2026-07-08T15:00,28.4,89,34.6,10.6,170,27.0,63,100,2.5,2.5,0.0,0.0,999.2,
2026-07-08T16:00,28.8,90,35.2,11.0,174,23.4,53,100,0.6,0.6,0.0,0.0,998.7,
2026-07-08T17:00,29.9,87,36.8,10.3,176,23.4,51,95,0.3,0.3,0.0,0.0,998.6,
2026-07-08T18:00,29.3,90,36.3,10.4,188,22.0,51,92,0.4,0.4,0.0,0.0,999.2,
2026-07-08T19:00,29.1,91,36.0,10.4,180,22.7,51,99,0.1,0.1,0.0,0.0,999.6,
2026-07-08T20:00,29.3,91,36.3,10.6,165,22.0,3,100,0.0,0.0,0.0,0.0,1000.4,
2026-07-08T21:00,29.4,90,36.2,10.6,183,22.3,3,99,0.0,0.0,0.0,0.0,1001.2,
2026-07-08T22:00,29.1,89,35.6,11.4,191,24.5,3,99,0.0,0.0,0.0,0.0,1001.0,
2026-07-08T23:00,28.2,91,33.9,13.5,182,24.5,3,100,0.0,0.0,0.0,0.0,1000.8,
2026-07-09T00:00,28.4,90,34.2,14.2,189,28.8,51,100,0.1,0.1,0.0,0.0,1000.3,
2026-07-09T01:00,28.6,89,34.4,13.4,186,29.2,3,100,0.0,0.0,0.0,0.0,1000.0,
2026-07-09T02:00,28.4,88,33.8,14.6,193,31.3,3,100,0.0,0.0,0.0,0.0,999.7,
2026-07-09T03:00,28.4,87,33.6,14.6,196,32.4,3,100,0.0,0.0,0.0,0.0,1000.2,
2026-07-09T04:00,28.3,86,33.6,13.4,197,31.3,3,100,0.0,0.0,0.0,0.0,1000.2,
2026-07-09T05:00,28.7,85,34.1,13.7,190,28.4,3,100,0.0,0.0,0.0,0.0,1000.4,
2026-07-09T06:00,28.9,86,34.6,12.3,187,29.5,3,98,0.0,0.0,0.0,0.0,1000.7,
2026-07-09T07:00,27.8,89,32.5,17.4,208,45.7,53,100,0.8,0.8,0.0,0.0,1001.8,
2026-07-09T08:00,27.4,94,33.3,11.8,203,37.8,61,100,1.5,1.5,0.0,0.0,1001.8,
2026-07-09T09:00,27.9,94,34.1,12.0,201,24.1,53,100,0.9,0.9,0.0,0.0,1001.8,
2026-07-09T10:00,28.1,89,33.7,13.4,207,31.0,61,100,2.0,2.0,0.0,0.0,1001.8,
2026-07-09T11:00,28.1,89,33.7,13.1,209,34.9,51,100,0.4,0.4,0.0,0.0,1002.2,
2026-07-09T12:00,27.7,93,33.4,13.6,220,29.5,61,100,2.4,2.4,0.0,0.0,1000.9,
2026-07-09T13:00,27.6,92,33.5,11.1,209,28.1,63,100,4.6,4.6,0.0,0.0,1000.9,
2026-07-09T14:00,27.7,94,33.7,12.2,209,24.1,61,100,2.4,2.4,0.0,0.0,1000.3,
2026-07-09T15:00,27.8,93,33.9,11.5,215,24.8,53,100,0.9,0.9,0.0,0.0,999.7,
2026-07-09T16:00,27.7,93,33.7,11.5,203,24.1,51,88,0.1,0.1,0.0,0.0,999.5,
2026-07-09T17:00,29.2,85,35.5,9.4,193,26.6,55,100,1.0,1.0,0.0,0.0,999.1,
2026-07-09T18:00,28.5,88,34.6,10.1,183,21.2,3,100,0.0,0.0,0.0,0.0,999.9,
2026-07-09T19:00,27.7,92,33.7,11.0,175,21.6,55,100,1.0,1.0,0.0,0.0,1000.7,
2026-07-09T20:00,27.7,95,34.1,10.3,175,21.2,61,100,2.3,2.3,0.0,0.0,1001.2,
2026-07-09T21:00,27.4,95,33.4,12.2,208,24.1,61,100,2.2,2.2,0.0,0.0,1002.0,
2026-07-09T22:00,26.3,97,31.8,11.8,207,28.4,63,98,3.7,3.7,0.0,0.0,1001.7,
2026-07-09T23:00,27.0,97,33.4,8.7,174,22.3,65,99,14.6,14.6,0.0,0.0,1000.8,
2026-07-10T00:00,26.6,96,31.6,15.4,218,29.9,61,100,2.1,2.1,0.0,0.0,999.6,
2026-07-10T01:00,26.6,96,31.8,14.1,232,31.0,63,100,2.9,2.9,0.0,0.0,999.7,
2026-07-10T02:00,26.4,96,31.7,13.0,244,28.8,63,100,3.1,3.1,0.0,0.0,999.0,
2026-07-10T03:00,26.3,96,31.8,11.0,221,26.6,61,100,1.9,1.9,0.0,0.0,999.3,
2026-07-10T04:00,26.1,97,32.1,7.2,231,21.2,61,100,1.6,1.6,0.0,0.0,999.5,
2026-07-10T05:00,27.5,95,33.3,13.4,229,22.3,63,100,3.9,3.9,0.0,0.0,999.0,
2026-07-10T06:00,27.4,96,33.4,12.1,229,31.0,63,100,6.3,6.3,0.0,0.0,1000.0,
2026-07-10T07:00,27.4,96,33.8,9.4,234,23.4,63,100,3.3,3.3,0.0,0.0,1000.8,
2026-07-10T08:00,27.4,96,34.0,8.7,228,18.7,63,100,2.8,2.8,0.0,0.0,1001.2,
2026-07-10T09:00,27.7,96,34.4,9.6,242,17.6,61,100,1.8,1.8,0.0,0.0,1000.7,
2026-07-10T10:00,28.5,94,35.3,10.0,247,25.2,63,97,2.6,2.6,0.0,0.0,1000.9,
2026-07-10T11:00,28.3,93,34.9,10.3,245,31.0,61,100,1.7,1.7,0.0,0.0,1000.8,
2026-07-10T12:00,28.3,94,35.1,10.1,246,22.0,61,100,1.5,1.5,0.0,0.0,999.7,
2026-07-10T13:00,29.4,86,35.5,11.8,249,27.0,53,100,0.8,0.8,0.0,0.0,998.9,
2026-07-10T14:00,29.8,82,35.9,10.3,257,27.7,51,100,0.4,0.4,0.0,0.0,998.8,
2026-07-10T15:00,29.6,84,36.5,5.9,247,27.0,51,100,0.2,0.2,0.0,0.0,998.4,
2026-07-10T16:00,27.9,89,33.6,11.1,228,30.6,53,100,0.9,0.9,0.0,0.0,998.4,
2026-07-10T17:00,27.1,94,32.8,11.4,231,24.1,53,98,0.6,0.6,0.0,0.0,999.7,
2026-07-10T18:00,26.6,95,32.4,9.8,208,22.7,61,100,2.0,2.0,0.0,0.0,999.4,
2026-07-10T19:00,26.6,95,32.3,10.2,222,19.1,51,98,0.4,0.4,0.0,0.0,999.9,
2026-07-10T20:00,26.6,95,32.4,9.7,225,21.6,51,97,0.1,0.1,0.0,0.0,1000.4,
2026-07-10T21:00,26.7,95,32.6,8.4,225,17.6,51,100,0.2,0.2,0.0,0.0,1000.7,
2026-07-10T22:00,26.8,94,32.6,9.6,230,18.4,3,100,0.0,0.0,0.0,0.0,1000.5,
2026-07-10T23:00,26.9,94,32.7,10.4,270,18.4,3,100,0.0,0.0,0.0,0.0,1000.5,
2026-07-11T00:00,26.6,95,32.5,8.7,253,20.2,63,100,2.7,2.7,0.0,0.0,1000.2,
2026-07-11T01:00,26.5,95,31.8,12.6,267,26.6,63,100,4.5,4.5,0.0,0.0,998.8,
2026-07-11T02:00,26.6,96,32.5,9.7,252,26.6,63,100,4.6,4.6,0.0,0.0,998.7,
2026-07-11T03:00,26.7,96,32.9,8.4,255,19.4,63,100,3.1,3.1,0.0,0.0,998.7,
2026-07-11T04:00,26.7,96,32.9,7.7,252,15.8,63,100,3.4,3.4,0.0,0.0,998.8,
2026-07-11T05:00,27.1,96,33.0,12.5,240,18.4,61,91,1.7,1.7,0.0,0.0,999.0,
2026-07-11T06:00,27.5,95,33.8,10.0,252,24.5,53,88,0.6,0.6,0.0,0.0,999.2,
2026-07-11T07:00,28.7,90,35.2,9.9,241,23.4,51,95,0.2,0.2,0.0,0.0,999.7,
2026-07-11T08:00,30.1,81,36.2,11.2,254,27.4,51,93,0.1,0.1,0.0,0.0,999.7,
2026-07-11T09:00,31.3,73,37.4,11.4,265,28.8,51,96,0.1,0.1,0.0,0.0,1000.0,
2026-07-11T10:00,32.3,67,38.8,11.2,267,28.8,51,54,0.1,0.1,0.0,0.0,999.7,
2026-07-11T11:00,32.6,66,39.3,14.0,279,33.8,51,88,0.2,0.2,0.0,0.0,999.4,
2026-07-11T12:00,32.3,68,39.5,10.2,280,39.6,51,91,0.2,0.2,0.0,0.0,998.7,
2026-07-11T13:00,32.5,70,39.4,7.3,263,33.8,3,100,0.0,0.0,0.0,0.0,997.5,
2026-07-11T14:00,30.4,80,36.9,8.3,252,29.2,55,98,1.0,1.0,0.0,0.0,997.2,
2026-07-11T15:00,30.2,82,37.5,4.8,143,18.4,53,100,0.5,0.5,0.0,0.0,996.4,
2026-07-11T16:00,29.3,87,36.2,8.0,170,25.6,53,100,0.8,0.8,0.0,0.0,996.0,
2026-07-11T17:00,30.2,84,38.0,2.6,124,20.9,61,99,1.5,1.5,0.0,0.0,996.7,
2026-07-11T18:00,26.7,98,32.8,10.0,322,26.3,65,98,9.1,9.1,0.0,0.0,997.7,
2026-07-11T19:00,27.1,96,33.9,5.4,172,16.9,63,100,2.5,2.5,0.0,0.0,998.0,
2026-07-11T20:00,27.2,97,34.1,6.4,164,11.2,55,100,1.0,1.0,0.0,0.0,998.2,
2026-07-11T21:00,27.5,95,34.0,8.5,178,14.8,53,97,0.8,0.8,0.0,0.0,998.6,
2026-07-11T22:00,27.6,95,34.3,8.5,182,15.8,51,91,0.2,0.2,0.0,0.0,998.6,
2026-07-11T23:00,28.8,94,36.1,9.3,208,19.1,2,70,0.0,0.0,0.0,0.0,997.6,
2026-07-12T00:00,28.1,95,35.4,7.0,222,16.9,53,83,0.9,0.9,0.0,0.0,996.6,
2026-07-12T01:00,27.7,96,34.9,6.0,189,13.3,53,100,0.6,0.6,0.0,0.0,996.2,
2026-07-12T02:00,27.2,96,33.6,9.4,193,16.9,51,100,0.2,0.2,0.0,0.0,996.2,
2026-07-12T03:00,27.0,95,32.9,10.8,223,20.5,53,98,0.5,0.5,0.0,0.0,995.9,
2026-07-12T04:00,26.8,95,32.7,9.7,230,20.5,51,100,0.1,0.1,0.0,0.0,996.2,
2026-07-12T05:00,27.8,93,33.9,10.5,232,18.0,3,96,0.0,0.0,0.0,0.0,995.8,
2026-07-12T06:00,27.9,89,33.7,10.2,226,24.1,51,100,0.1,0.1,0.0,0.0,996.6,
2026-07-12T07:00,28.3,88,34.4,9.5,243,21.2,3,100,0.0,0.0,0.0,0.0,997.1,
2026-07-12T08:00,29.2,85,35.7,8.0,236,20.9,51,100,0.2,0.2,0.0,0.0,997.3,
2026-07-12T09:00,29.5,86,36.4,7.3,232,18.7,51,100,0.1,0.1,0.0,0.0,997.2,
2026-07-12T10:00,31.7,76,38.7,7.9,246,22.7,3,100,0.0,0.0,0.0,0.0,997.0,
2026-07-12T11:00,31.2,77,38.2,6.4,260,22.3,3,100,0.0,0.0,0.0,0.0,997.5,
2026-07-12T12:00,31.1,77,37.7,7.6,269,22.0,51,100,0.3,0.3,0.0,0.0,996.7,
2026-07-12T13:00,31.1,78,38.4,4.1,232,19.1,51,100,0.1,0.1,0.0,0.0,996.0,
2026-07-12T14:00,31.3,79,38.9,4.5,236,18.7,51,99,0.1,0.1,0.0,0.0,995.6,
2026-07-12T15:00,31.3,77,38.2,7.5,213,24.1,51,98,0.3,0.3,0.0,0.0,995.4,
2026-07-12T16:00,30.0,82,36.4,9.4,203,25.2,51,99,0.4,0.4,0.0,0.0,995.5,
2026-07-12T17:00,27.8,94,35.2,3.6,180,22.3,51,97,0.1,0.1,0.0,0.0,996.1,
2026-07-12T18:00,28.0,97,35.1,9.3,188,15.5,53,93,0.6,0.6,0.0,0.0,996.4,
2026-07-12T19:00,28.0,94,34.6,9.9,189,20.2,3,98,0.0,0.0,0.0,0.0,997.0,
2026-07-12T20:00,28.2,93,35.0,7.8,187,18.7,3,99,0.0,0.0,0.0,0.0,997.6,
2026-07-12T21:00,28.4,92,34.9,9.9,175,19.4,3,100,0.0,0.0,0.0,0.0,998.4,
2026-07-12T22:00,28.4,91,34.8,9.6,188,19.8,3,100,0.0,0.0,0.0,0.0,998.5,
2026-07-12T23:00,29.4,88,36.3,9.0,196,22.7,3,100,0.0,0.0,0.0,0.0,997.7,
2026-07-13T00:00,29.1,88,35.7,9.6,200,20.2,51,100,0.3,0.3,0.0,0.0,997.2,
2026-07-13T01:00,28.9,89,36.0,6.6,206,19.1,51,100,0.2,0.2,0.0,0.0,996.8,
2026-07-13T02:00,28.8,91,35.9,7.5,191,14.0,51,100,0.3,0.3,0.0,0.0,996.3,
2026-07-13T03:00,28.7,92,35.8,7.8,187,16.9,51,99,0.2,0.2,0.0,0.0,996.1,
2026-07-13T04:00,28.4,94,35.9,5.1,212,14.8,61,98,1.4,1.4,0.0,0.0,996.6,
2026-07-13T05:00,29.0,90,36.3,6.6,225,16.2,53,100,0.7,0.7,0.0,0.0,996.2,
2026-07-13T06:00,29.5,89,37.3,3.6,288,12.6,3,100,0.0,0.0,0.0,0.0,997.0,
2026-07-13T07:00,30.1,86,38.1,3.1,204,9.7,3,98,0.0,0.0,0.0,0.0,997.5,
2026-07-13T08:00,31.4,81,39.4,3.9,254,13.3,3,98,0.0,0.0,0.0,0.0,997.8,
2026-07-13T09:00,32.5,74,39.9,6.2,291,20.5,51,100,0.1,0.1,0.0,0.0,997.9,
2026-07-13T10:00,30.3,82,37.7,4.3,312,22.7,61,100,2.1,2.1,0.0,0.0,998.5,
2026-07-13T11:00,30.3,82,37.0,8.7,30,13.7,53,100,0.6,0.6,0.0,0.0,998.7,
2026-07-13T12:00,30.2,79,36.3,9.5,25,25.6,53,100,0.8,0.8,0.0,0.0,998.0,
2026-07-13T13:00,30.2,80,36.5,8.4,55,22.0,53,100,0.7,0.7,0.0,0.0,997.5,
2026-07-13T14:00,29.6,84,36.4,7.0,80,21.2,55,100,1.0,1.0,0.0,0.0,997.0,
2026-07-13T15:00,29.1,87,36.3,4.7,62,18.0,53,100,0.6,0.6,0.0,0.0,996.8,
2026-07-13T16:00,28.9,88,36.0,4.9,51,13.7,53,100,0.5,0.5,0.0,0.0,996.6,
2026-07-13T17:00,27.2,95,33.7,6.9,279,15.5,53,100,0.8,0.8,0.0,0.0,998.3,
2026-07-13T18:00,27.1,95,34.2,2.7,328,19.8,55,100,1.2,1.2,0.0,0.0,998.3,
2026-07-13T19:00,26.6,97,33.6,3.1,10,14.8,55,100,1.0,1.0,0.0,0.0,999.0,
2026-07-13T20:00,26.3,98,32.9,5.4,266,13.0,63,100,5.7,5.7,0.0,0.0,999.3,
2026-07-13T21:00,26.3,98,32.9,4.9,287,14.4,51,98,0.4,0.4,0.0,0.0,999.6,
2026-07-13T22:00,26.1,98,33.2,0.8,243,13.0,63,98,2.7,2.7,0.0,0.0,999.8,
2026-07-13T23:00,27.2,93,34.2,2.7,242,9.4,53,84,0.9,0.9,0.0,0.0,998.8,
2026-07-14T00:00,26.8,95,33.9,1.4,130,5.8,2,62,0.0,0.0,0.0,0.0,998.6,
2026-07-14T01:00,26.8,95,33.8,2.2,85,4.7,2,70,0.0,0.0,0.0,0.0,998.3,
2026-07-14T02:00,26.6,97,33.6,2.5,90,7.6,3,95,0.0,0.0,0.0,0.0,998.3,
2026-07-14T03:00,26.6,95,33.8,0.6,18,5.0,51,84,0.1,0.1,0.0,0.0,998.5,
2026-07-14T04:00,26.3,97,32.7,4.7,2,12.6,53,96,0.5,0.5,0.0,0.0,998.4,
2026-07-14T05:00,26.9,97,34.3,2.2,99,15.5,55,98,1.0,1.0,0.0,0.0,998.3,
2026-07-14T06:00,26.4,99,33.0,6.9,70,16.6,55,99,1.1,1.1,0.0,0.0,998.5,
2026-07-14T07:00,27.4,94,34.6,2.8,63,13.7,51,93,0.4,0.4,0.0,0.0,998.9,
2026-07-14T08:00,29.3,84,36.3,4.4,30,19.1,51,94,0.1,0.1,0.0,0.0,999.6,
2026-07-14T09:00,30.4,80,37.4,6.7,54,24.1,51,100,0.1,0.1,0.0,0.0,999.8,
2026-07-14T10:00,30.5,79,37.0,7.8,48,27.0,51,92,0.1,0.1,0.0,0.0,999.5,
2026-07-14T11:00,31.8,72,40.0,6.5,77,27.4,1,29,0.0,0.0,0.0,0.0,999.2,
2026-07-14T12:00,32.2,70,40.9,6.4,63,25.2,51,26,0.1,0.1,0.0,0.0,998.3,
2026-07-14T13:00,32.5,69,40.9,6.1,66,24.8,51,38,0.1,0.1,0.0,0.0,997.2,
2026-07-14T14:00,32.2,71,40.3,3.4,84,23.4,51,89,0.1,0.1,0.0,0.0,997.2,
2026-07-14T15:00,29.0,87,35.5,8.3,6,25.9,63,41,3.1,3.1,0.0,0.0,997.1,
2026-07-14T16:00,29.6,84,36.9,4.2,324,21.6,51,38,0.3,0.3,0.0,0.0,996.7,
2026-07-14T17:00,29.0,85,35.5,6.7,214,16.6,51,23,0.1,0.1,0.0,0.0,997.4,
2026-07-14T18:00,28.4,88,35.6,2.3,176,16.9,2,57,0.0,0.0,0.0,0.0,998.0,
2026-07-14T19:00,28.0,89,35.3,1.2,63,7.6,53,14,0.6,0.6,0.0,0.0,998.6,
2026-07-14T20:00,27.9,91,35.3,1.0,329,3.6,1,28,0.0,0.0,0.0,0.0,999.4,
2026-07-14T21:00,27.8,92,35.2,1.3,344,3.2,2,50,0.0,0.0,0.0,0.0,1000.1,
2026-07-14T22:00,27.8,92,35.2,1.5,30,3.2,1,21,0.0,0.0,0.0,0.0,1000.2,
2026-07-14T23:00,28.3,90,35.7,2.8,79,5.4,1,33,0.0,0.0,0.0,0.0,999.6,
2026-07-15T00:00,27.8,92,35.1,2.6,51,5.0,1,28,0.0,0.0,0.0,0.0,998.7,
2026-07-15T01:00,27.4,95,34.6,3.7,39,7.6,3,87,0.0,0.0,0.0,0.0,998.3,
2026-07-15T02:00,27.2,95,34.3,3.5,62,7.9,3,99,0.0,0.0,0.0,0.0,998.4,
2026-07-15T03:00,27.1,95,33.8,4.9,82,10.4,3,97,0.0,0.0,0.0,0.0,998.4,
2026-07-15T04:00,26.9,95,33.5,4.9,73,10.4,3,88,0.0,0.0,0.0,0.0,998.7,
2026-07-15T05:00,27.6,91,34.0,7.1,60,11.5,3,91,0.0,0.0,0.0,0.0,998.7,
2026-07-15T06:00,28.2,89,34.6,7.4,76,16.9,2,72,0.0,0.0,0.0,0.0,999.1,
2026-07-15T07:00,29.2,83,34.9,10.8,79,25.2,51,85,0.1,0.1,0.0,0.0,999.5,
2026-07-15T08:00,29.9,79,35.4,12.1,87,29.2,51,98,0.1,0.1,0.0,0.0,999.6,
2026-07-15T09:00,31.0,73,36.6,11.7,81,29.5,3,97,0.0,0.0,0.0,0.0,999.8,
2026-07-15T10:00,31.9,71,39.0,10.2,81,32.0,51,95,0.1,0.1,0.0,0.0,999.4,
2026-07-15T11:00,32.4,67,39.2,12.0,81,32.0,51,98,0.1,0.1,0.0,0.0,999.5,
2026-07-15T12:00,32.5,69,39.8,12.7,74,34.9,51,94,0.1,0.1,0.0,0.0,998.5,
2026-07-15T13:00,32.2,70,39.2,12.3,75,38.2,3,80,0.0,0.0,0.0,0.0,997.7,
2026-07-15T14:00,32.4,67,38.5,10.8,75,37.4,51,40,0.1,0.1,0.0,0.0,996.9,
2026-07-15T15:00,31.1,72,36.4,13.0,46,33.1,53,59,0.8,0.8,0.0,0.0,996.7,
2026-07-15T16:00,30.1,76,35.2,13.3,65,29.9,51,51,0.4,0.4,0.0,0.0,996.8,
2026-07-15T17:00,30.4,79,37.0,6.9,53,30.2,1,32,0.0,0.0,0.0,0.0,997.0,
2026-07-15T18:00,29.8,79,35.6,9.0,84,18.4,51,52,0.1,0.1,0.0,0.0,997.9,
2026-07-15T19:00,28.9,80,34.0,11.7,94,25.6,51,90,0.1,0.1,0.0,0.0,998.8,
2026-07-15T20:00,28.4,83,33.7,10.5,77,25.2,2,73,0.0,0.0,0.0,0.0,999.3,
2026-07-15T21:00,28.2,85,33.8,8.8,78,22.7,3,88,0.0,0.0,0.0,0.0,1000.0,
2026-07-15T22:00,27.9,86,33.8,7.5,66,18.7,3,98,0.0,0.0,0.0,0.0,1000.4,
2026-07-15T23:00,28.1,87,34.0,9.3,77,18.7,3,98,0.0,0.0,0.0,0.0,999.5,
2026-07-16T00:00,27.7,86,33.0,10.0,82,20.9,51,100,0.1,0.1,0.0,0.0,998.6,
2026-07-16T01:00,27.5,89,33.2,8.7,82,20.9,51,99,0.1,0.1,0.0,0.0,998.2,
2026-07-16T02:00,27.2,90,33.0,8.7,77,18.4,3,98,0.0,0.0,0.0,0.0,998.0,
2026-07-16T03:00,27.0,90,32.7,8.4,70,18.0,3,84,0.0,0.0,0.0,0.0,998.3,
2026-07-16T04:00,26.8,91,32.2,9.8,60,20.5,2,59,0.0,0.0,0.0,0.0,998.5,
2026-07-16T05:00,27.0,94,32.7,10.8,69,21.6,0,15,0.0,0.0,0.0,0.0,998.3,
2026-07-16T06:00,27.8,89,33.4,11.1,67,26.6,3,91,0.0,0.0,0.0,0.0,998.7,
2026-07-16T07:00,28.5,85,33.7,13.6,82,31.0,51,90,0.1,0.1,0.0,0.0,999.0,
2026-07-16T08:00,29.2,82,34.4,13.2,87,34.2,51,93,0.1,0.1,0.0,0.0,999.3,
2026-07-16T09:00,29.7,79,35.3,11.3,77,33.1,51,96,0.1,0.1,0.0,0.0,999.5,
2026-07-16T10:00,30.6,77,36.2,12.0,73,33.8,2,75,0.0,0.0,0.0,0.0,999.5,
2026-07-16T11:00,30.2,78,37.0,12.0,74,35.3,51,100,0.1,0.1,0.0,0.0,998.7,
2026-07-16T12:00,30.7,75,37.5,10.5,77,28.4,61,96,1.8,1.8,0.0,0.0,998.3,
2026-07-16T13:00,31.3,73,37.5,7.9,89,27.0,51,55,0.3,0.3,0.0,0.0,997.3,
2026-07-16T14:00,30.1,79,37.0,8.9,144,23.8,61,84,1.3,1.3,0.0,0.0,996.8,
2026-07-16T15:00,30.4,81,36.9,9.1,190,24.5,61,34,1.8,1.8,0.0,0.0,996.5,
2026-07-16T16:00,31.2,73,36.5,12.5,184,27.7,51,61,0.1,0.1,0.0,0.0,996.3,
2026-07-16T17:00,30.3,79,36.2,11.7,153,34.6,1,34,0.0,0.0,0.0,0.0,996.5,
2026-07-16T18:00,29.4,80,34.9,11.4,157,25.2,51,100,0.2,0.2,0.0,0.0,997.4,
2026-07-16T19:00,28.7,85,34.5,10.5,163,24.8,51,43,0.1,0.1,0.0,0.0,998.4,
2026-07-16T20:00,28.5,85,34.0,11.1,155,24.1,3,95,0.0,0.0,0.0,0.0,999.0,
2026-07-16T21:00,28.0,87,33.6,10.0,150,24.5,2,75,0.0,0.0,0.0,0.0,999.8,
2026-07-16T22:00,27.8,87,33.5,9.1,129,21.6,3,88,0.0,0.0,0.0,0.0,1000.0,
2026-07-16T23:00,27.9,87,33.6,9.4,120,19.1,3,94,0.0,0.0,0.0,0.0,999.1,
2026-07-17T00:00,27.5,89,33.2,8.3,110,19.8,3,87,0.0,0.0,0.0,0.0,998.5,
2026-07-17T01:00,27.3,90,33.2,7.6,105,17.3,51,81,0.1,0.1,0.0,0.0,998.0,
2026-07-17T02:00,27.2,90,33.0,7.9,106,15.8,2,71,0.0,0.0,0.0,0.0,997.5,
2026-07-17T03:00,27.1,91,33.1,7.9,117,16.9,0,16,0.0,0.0,0.0,0.0,997.5,
2026-07-17T04:00,27.0,92,33.1,7.0,130,16.2,3,100,0.0,0.0,0.0,0.0,997.8,
2026-07-17T05:00,27.5,92,33.6,8.7,130,15.8,51,79,0.1,0.1,0.0,0.0,997.7,
2026-07-17T06:00,28.2,90,34.9,6.1,140,17.6,1,48,0.0,0.0,0.0,0.0,998.7,
2026-07-17T07:00,29.5,84,36.0,8.5,163,20.9,2,63,0.0,0.0,0.0,0.0,999.0,
2026-07-17T08:00,30.4,79,36.6,9.7,178,25.2,51,95,0.1,0.1,0.0,0.0,999.4,
2026-07-17T09:00,30.3,80,36.4,10.8,170,27.0,51,75,0.2,0.2,0.0,0.0,999.5,
2026-07-17T10:00,30.6,78,37.1,10.3,181,29.9,53,98,0.9,0.9,0.0,0.0,999.5,
2026-07-17T11:00,30.8,73,36.2,10.6,178,26.3,51,100,0.1,0.1,0.0,0.0,999.8,
2026-07-17T12:00,30.6,78,36.5,11.4,184,28.8,51,100,0.1,0.1,0.0,0.0,999.5,
2026-07-17T13:00,31.0,76,37.0,10.7,186,31.3,51,100,0.2,0.2,0.0,0.0,998.7,
2026-07-17T14:00,30.2,80,35.8,13.0,194,31.0,51,95,0.4,0.4,0.0,0.0,998.3,
2026-07-17T15:00,30.3,79,36.3,10.7,197,31.3,61,66,2.4,2.4,0.0,0.0,997.8,
2026-07-17T16:00,30.2,80,35.8,13.7,189,30.2,53,27,0.6,0.6,0.0,0.0,997.3,
2026-07-17T17:00,29.9,79,35.1,14.1,184,30.2,51,87,0.1,0.1,0.0,0.0,998.3,
2026-07-17T18:00,29.2,81,34.5,12.7,172,30.2,51,71,0.1,0.1,0.0,0.0,998.7,
2026-07-17T19:00,28.7,85,34.2,12.1,177,27.7,2,51,0.0,0.0,0.0,0.0,999.8,
2026-07-17T20:00,28.4,86,33.8,13.0,169,28.1,1,44,0.0,0.0,0.0,0.0,1000.4,
2026-07-17T21:00,28.3,86,33.4,14.5,174,31.0,1,23,0.0,0.0,0.0,0.0,1001.1,
2026-07-17T22:00,27.6,87,32.4,13.7,181,32.8,1,36,0.0,0.0,0.0,0.0,1001.4,
2026-07-17T23:00,27.4,90,32.8,12.1,178,29.5,61,35,1.7,1.7,0.0,0.0,1000.6,
2026-07-18T00:00,26.8,95,32.4,11.6,193,25.6,61,99,2.0,2.0,0.0,0.0,1000.4,
2026-07-18T01:00,26.4,97,32.2,9.8,167,23.0,63,99,4.4,4.4,0.0,0.0,999.9,
2026-07-18T02:00,26.4,97,32.3,9.3,165,20.9,61,93,1.7,1.7,0.0,0.0,999.7,
2026-07-18T03:00,26.3,97,32.2,9.5,158,19.4,51,95,0.3,0.3,0.0,0.0,999.8,
2026-07-18T04:00,26.5,96,32.5,8.4,164,18.0,3,91,0.0,0.0,0.0,0.0,1000.1,
2026-07-18T05:00,27.0,96,33.2,9.4,138,19.8,51,98,0.1,0.1,0.0,0.0,999.9,
2026-07-18T06:00,27.5,95,34.1,8.7,135,20.9,2,78,0.0,0.0,0.0,0.0,1000.6,
2026-07-18T07:00,28.8,87,35.2,9.3,158,24.1,3,80,0.0,0.0,0.0,0.0,1001.2,
2026-07-18T08:00,30.1,82,36.4,10.1,164,27.7,1,23,0.0,0.0,0.0,0.0,1000.9,
2026-07-18T09:00,31.1,76,37.5,12.6,176,35.3,51,27,0.3,0.3,0.0,0.0,1000.8,
2026-07-18T10:00,31.6,74,38.6,11.9,178,36.4,51,100,0.2,0.2,0.0,0.0,1000.8,
2026-07-18T11:00,32.2,70,39.5,10.9,167,37.4,1,45,0.0,0.0,0.0,0.0,1000.6,
2026-07-18T12:00,32.3,70,39.5,12.4,163,31.7,51,42,0.2,0.2,0.0,0.0,999.7,
2026-07-18T13:00,31.7,71,38.7,11.7,171,33.8,51,52,0.2,0.2,0.0,0.0,999.6,
2026-07-18T14:00,31.2,75,37.5,11.8,161,31.3,61,50,1.6,1.6,0.0,0.0,999.3,
2026-07-18T15:00,31.1,73,35.9,16.5,169,37.8,51,41,0.1,0.1,0.0,0.0,998.4,
2026-07-18T16:00,30.7,72,35.3,14.6,170,38.9,51,77,0.2,0.2,0.0,0.0,998.7,
2026-07-18T17:00,30.7,75,36.2,11.5,171,34.2,51,37,0.2,0.2,0.0,0.0,999.2,
2026-07-18T18:00,29.8,79,35.3,10.9,161,24.5,1,37,0.0,0.0,0.0,0.0,999.9,
2026-07-18T19:00,29.1,82,34.8,10.5,153,23.4,3,82,0.0,0.0,0.0,0.0,1000.7,
2026-07-18T20:00,28.8,83,34.3,10.5,156,22.7,3,85,0.0,0.0,0.0,0.0,1001.6,
2026-07-18T21:00,28.4,84,34.1,9.6,154,22.3,3,93,0.0,0.0,0.0,0.0,1002.3,
2026-07-18T22:00,28.1,86,34.1,7.8,157,20.5,3,98,0.0,0.0,0.0,0.0,1002.6,
2026-07-18T23:00,28.3,86,34.3,9.0,165,16.2,3,85,0.0,0.0,0.0,0.0,1002.1,
2026-07-19T00:00,28.0,88,34.2,7.6,162,18.4,2,75,0.0,0.0,0.0,0.0,1001.1,
2026-07-19T01:00,27.8,90,33.8,9.3,156,19.1,3,91,0.0,0.0,0.0,0.0,1000.8,
2026-07-19T02:00,27.5,91,33.2,10.4,162,22.7,51,81,0.1,0.1,0.0,0.0,1000.6,
2026-07-19T03:00,27.4,90,33.0,10.6,165,22.3,51,91,0.2,0.2,0.0,0.0,1000.9,
2026-07-19T04:00,25.9,96,31.7,7.5,156,22.7,63,97,3.4,3.4,0.0,0.0,1001.7,
2026-07-19T05:00,27.7,89,33.5,10.1,179,17.6,61,73,1.3,1.3,0.0,0.0,1001.4,
2026-07-19T06:00,28.4,86,34.3,9.3,172,23.0,3,98,0.0,0.0,0.0,0.0,1001.7,
2026-07-19T07:00,29.1,84,34.9,11.0,178,25.2,51,97,0.1,0.1,0.0,0.0,1002.5,
2026-07-19T08:00,28.3,88,33.9,12.4,194,30.6,61,97,2.1,2.1,0.0,0.0,1002.9,
2026-07-19T09:00,29.4,83,35.6,8.7,175,29.9,61,99,2.1,2.1,0.0,0.0,1002.8,
2026-07-19T10:00,29.4,83,35.7,9.0,174,27.0,53,99,0.7,0.7,0.0,0.0,1002.8,
2026-07-19T11:00,31.1,74,37.6,12.1,182,31.0,51,99,0.1,0.1,0.0,0.0,1001.9,
2026-07-19T12:00,30.6,78,36.7,11.9,180,32.4,61,99,1.4,1.4,0.0,0.0,1001.0,
2026-07-19T13:00,31.2,75,37.2,10.5,184,30.6,51,99,0.4,0.4,0.0,0.0,1000.7,
2026-07-19T14:00,28.9,83,34.4,12.2,166,30.2,63,100,2.8,2.8,0.0,0.0,1000.9,
2026-07-19T15:00,28.1,89,34.2,9.4,160,27.0,55,99,1.0,1.0,0.0,0.0,1000.9,
2026-07-19T16:00,27.9,90,34.3,7.5,165,22.3,53,99,0.7,0.7,0.0,0.0,1000.4,
2026-07-19T17:00,30.3,82,37.0,9.2,147,16.6,51,97,0.2,0.2,0.0,0.0,1000.3,
2026-07-19T18:00,29.3,84,35.6,8.4,127,20.2,3,99,0.0,0.0,0.0,0.0,1001.3,
2026-07-19T19:00,29.1,84,35.5,8.1,141,17.3,51,92,0.3,0.3,0.0,0.0,1002.1,
2026-07-19T20:00,29.0,83,34.6,10.9,160,21.6,51,87,0.1,0.1,0.0,0.0,1002.9,
2026-07-19T21:00,28.2,85,34.1,7.7,152,25.6,51,100,0.2,0.2,0.0,0.0,1003.0,
2026-07-19T22:00,28.1,87,34.1,8.2,158,16.6,51,98,0.1,0.1,0.0,0.0,1003.0,
2026-07-19T23:00,28.1,88,33.9,10.5,153,17.3,3,100,0.0,0.0,0.0,0.0,1002.8,
2026-07-20T00:00,27.8,90,33.7,9.7,158,21.6,3,93,0.0,0.0,0.0,0.0,1001.9,
2026-07-20T01:00,27.4,90,33.1,10.0,165,20.5,51,84,0.2,0.2,0.0,0.0,1001.6,
2026-07-20T02:00,27.4,91,33.6,7.4,180,20.9,51,63,0.2,0.2,0.0,0.0,1001.3,
2026-07-20T03:00,27.0,93,33.5,5.2,168,16.2,51,84,0.1,0.1,0.0,0.0,1001.5,
2026-07-20T04:00,27.0,93,33.8,2.7,94,9.7,3,95,0.0,0.0,0.0,0.0,1001.8,
2026-07-20T05:00,27.7,91,34.0,7.7,156,17.6,3,92,0.0,0.0,0.0,0.0,1001.5,
2026-07-20T06:00,28.3,90,35.0,6.4,130,15.8,3,100,0.0,0.0,0.0,0.0,1002.0,
2026-07-20T07:00,28.0,90,34.0,10.2,129,24.5,51,100,0.1,0.1,0.0,0.0,1002.7,
2026-07-20T08:00,27.9,91,34.4,7.6,124,23.8,53,100,0.9,0.9,0.0,0.0,1002.9,
2026-07-20T09:00,28.7,88,35.2,8.7,137,21.2,53,100,0.7,0.7,0.0,0.0,1003.3,
2026-07-20T10:00,28.5,88,35.2,6.1,120,22.3,53,100,0.7,0.7,0.0,0.0,1003.5,
2026-07-20T11:00,30.3,75,36.6,5.2,121,15.5,53,98,0.5,0.5,0.0,0.0,1002.3,
2026-07-20T12:00,31.2,72,37.4,5.9,101,16.9,51,97,0.2,0.2,0.0,0.0,1001.5,
2026-07-20T13:00,29.8,76,34.8,11.4,83,26.6,51,100,0.3,0.3,0.0,0.0,1001.6,
2026-07-20T14:00,27.7,90,33.3,12.7,129,30.2,61,100,2.2,2.2,0.0,0.0,1001.4,
2026-07-20T15:00,27.8,88,33.5,9.5,126,30.6,53,98,0.8,0.8,0.0,0.0,1000.9,
2026-07-20T16:00,27.9,86,33.3,10.1,125,25.6,51,100,0.4,0.4,0.0,0.0,1001.1,
2026-07-20T17:00,27.8,91,33.9,9.7,105,23.4,55,100,1.2,1.2,0.0,0.0,1001.4,
2026-07-20T18:00,27.5,91,33.5,9.2,133,20.2,3,100,0.0,0.0,0.0,0.0,1001.6,
2026-07-20T19:00,27.3,92,33.1,10.2,129,21.2,51,100,0.1,0.1,0.0,0.0,1001.8,
2026-07-20T20:00,27.0,95,33.1,9.4,120,21.6,55,100,1.2,1.2,0.0,0.0,1002.6,
2026-07-20T21:00,26.9,95,32.8,11.0,132,21.2,51,100,0.4,0.4,0.0,0.0,1003.4,
2026-07-20T22:00,26.8,96,33.0,9.2,133,21.2,51,100,0.4,0.4,0.0,0.0,1003.4,
2026-07-20T23:00,26.9,97,33.0,9.8,97,17.6,51,100,0.4,0.4,0.0,0.0,1002.6,
2026-07-21T00:00,25.9,96,31.3,10.5,110,20.2,61,100,2.2,2.2,0.0,0.0,1002.3,
2026-07-21T01:00,25.6,96,30.9,9.6,106,22.3,63,99,2.6,2.6,0.0,0.0,1001.6,
2026-07-21T02:00,25.2,98,30.1,11.3,124,23.0,61,100,1.6,1.6,0.0,0.0,1001.8,
2026-07-21T03:00,25.4,97,30.3,12.1,118,23.0,61,100,1.6,1.6,0.0,0.0,1001.8,
2026-07-21T04:00,25.2,97,30.2,10.9,107,24.8,61,100,1.5,1.5,0.0,0.0,1001.9,
2026-07-21T05:00,25.3,97,30.2,10.7,103,25.2,63,100,3.4,3.4,0.0,0.0,1001.8,
2026-07-21T06:00,25.9,96,31.2,10.1,112,20.9,53,100,0.7,0.7,0.0,0.0,1002.3,
2026-07-21T07:00,26.1,96,31.5,10.3,112,22.7,55,100,1.0,1.0,0.0,0.0,1002.5,
2026-07-21T08:00,26.5,93,31.9,9.9,125,23.0,53,100,0.6,0.6,0.0,0.0,1002.8,
2026-07-21T09:00,27.2,88,32.6,8.8,121,23.8,51,100,0.2,0.2,0.0,0.0,1002.7,
2026-07-21T10:00,28.5,84,34.3,7.7,129,23.4,51,100,0.1,0.1,0.0,0.0,1002.4,
2026-07-21T11:00,28.8,85,35.3,7.0,103,22.0,51,98,0.4,0.4,0.0,0.0,1002.0,
2026-07-21T12:00,28.8,83,34.2,11.4,106,28.1,53,100,0.8,0.8,0.0,0.0,1001.0,
2026-07-21T13:00,28.5,83,33.8,11.2,112,29.5,53,100,0.7,0.7,0.0,0.0,1000.2,
2026-07-21T14:00,28.1,82,33.1,11.0,130,26.6,55,100,1.1,1.1,0.0,0.0,1000.1,
2026-07-21T15:00,26.9,93,32.5,10.1,136,25.6,63,100,3.1,3.1,0.0,0.0,1000.0,
2026-07-21T16:00,26.7,94,32.2,10.8,144,21.6,53,100,0.6,0.6,0.0,0.0,1000.0,
2026-07-21T17:00,27.9,89,34.4,5.6,132,22.0,51,100,0.2,0.2,0.0,0.0,1000.0,
2026-07-21T18:00,27.6,90,33.8,7.0,134,14.0,3,100,0.0,0.0,0.0,0.0,1000.5,
2026-07-21T19:00,27.3,92,33.7,6.2,128,14.0,51,100,0.1,0.1,0.0,0.0,1001.3,
2026-07-21T20:00,27.2,92,33.5,6.7,126,13.3,51,100,0.1,0.1,0.0,0.0,1001.9,
2026-07-21T21:00,27.0,93,33.3,6.3,117,13.7,3,100,0.0,0.0,0.0,0.0,1002.6,
2026-07-21T22:00,26.7,94,32.8,6.7,128,13.0,3,100,0.0,0.0,0.0,0.0,1002.6,
2026-07-21T23:00,27.2,92,33.7,5.1,117,15.1,51,100,0.2,0.2,0.0,0.0,1002.4,
2026-07-22T00:00,25.4,96,30.7,7.9,183,16.6,61,100,1.7,1.7,0.0,0.0,1002.0,
2026-07-22T01:00,24.9,98,30.1,7.6,158,15.8,63,98,3.9,3.9,0.0,0.0,1001.4,
2026-07-22T02:00,24.9,97,30.4,5.6,123,17.3,63,99,7.4,7.4,0.0,0.0,1001.5,
2026-07-22T03:00,24.9,97,30.2,7.1,99,15.1,61,100,1.6,1.6,0.0,0.0,1001.1,
2026-07-22T04:00,24.9,97,30.2,7.4,97,14.8,51,99,0.3,0.3,0.0,0.0,1000.9,
2026-07-22T05:00,25.4,98,31.0,7.1,120,16.6,51,100,0.1,0.1,0.0,0.0,1000.8,
2026-07-22T06:00,26.3,95,31.9,8.6,131,19.4,51,95,0.1,0.1,0.0,0.0,1001.8,
2026-07-22T07:00,26.5,92,31.7,10.4,144,24.5,53,94,0.8,0.8,0.0,0.0,1002.1,
2026-07-22T08:00,27.3,88,32.6,10.0,152,26.3,3,100,0.0,0.0,0.0,0.0,1002.7,
2026-07-22T09:00,27.5,85,32.7,9.0,168,26.3,3,100,0.0,0.0,0.0,0.0,1002.8,
2026-07-22T10:00,27.6,84,32.8,8.5,182,23.8,51,99,0.1,0.1,0.0,0.0,1002.2,
2026-07-22T11:00,28.4,79,33.3,10.3,176,28.8,3,98,0.0,0.0,0.0,0.0,1002.5,
2026-07-22T12:00,27.1,88,32.3,13.0,176,36.0,61,99,2.4,2.4,0.0,0.0,1002.3,
2026-07-22T13:00,26.8,90,32.3,8.6,168,32.8,61,100,1.3,1.3,0.0,0.0,1001.7,
2026-07-22T14:00,26.4,91,31.4,10.7,171,25.2,61,100,1.3,1.3,0.0,0.0,1001.3,
2026-07-22T15:00,26.7,90,31.8,10.3,178,25.9,61,100,1.5,1.5,0.0,0.0,1000.8,
2026-07-22T16:00,26.3,95,31.8,10.1,179,23.4,61,100,1.6,1.6,0.0,0.0,1000.6,
2026-07-22T17:00,27.2,89,32.8,9.2,181,20.5,53,100,0.9,0.9,0.0,0.0,1000.9,
2026-07-22T18:00,26.5,93,32.1,9.3,190,19.4,53,99,0.8,0.8,0.0,0.0,1001.0,
2026-07-22T19:00,26.5,94,32.3,8.6,195,17.3,51,100,0.3,0.3,0.0,0.0,1001.8,
2026-07-22T20:00,26.5,95,32.2,9.4,183,17.6,53,100,0.7,0.7,0.0,0.0,1002.8,
2026-07-22T21:00,26.2,96,32.0,8.2,172,18.4,51,100,0.4,0.4,0.0,0.0,1003.7,
2026-07-22T22:00,26.0,96,31.8,8.2,165,17.3,51,95,0.4,0.4,0.0,0.0,1003.3,
2026-07-22T23:00,27.1,92,32.6,10.7,171,20.2,51,88,0.4,0.4,0.0,0.0,1003.2,
2026-07-23T00:00,26.7,92,32.2,9.9,176,22.0,3,98,0.0,0.0,0.0,0.0,1002.4,
2026-07-23T01:00,26.7,91,32.1,9.5,171,20.2,2,73,0.0,0.0,0.0,0.0,1001.6,
2026-07-23T02:00,25.2,93,29.7,10.4,152,25.6,51,99,0.2,0.2,0.0,0.0,1001.6,
2026-07-23T03:00,24.5,96,29.4,7.1,161,23.8,51,100,0.2,0.2,0.0,0.0,1001.7,
2026-07-23T04:00,24.8,96,29.5,9.4,169,18.4,51,98,0.1,0.1,0.0,0.0,1002.0,
2026-07-23T05:00,26.2,95,31.7,10.2,197,22.7,51,100,0.3,0.3,0.0,0.0,1001.4,
2026-07-23T06:00,26.4,96,32.1,10.3,187,20.5,51,91,0.4,0.4,0.0,0.0,1001.9,
2026-07-23T07:00,27.4,93,33.4,9.7,179,22.7,51,94,0.2,0.2,0.0,0.0,1002.3,
2026-07-23T08:00,26.5,91,30.6,16.5,196,37.8,61,100,1.4,1.4,0.0,0.0,1002.9,
2026-07-23T09:00,26.8,92,31.9,12.9,199,36.4,55,98,1.1,1.1,0.0,0.0,1002.9,
2026-07-23T10:00,27.7,88,32.7,13.2,211,34.9,55,77,1.1,1.1,0.0,0.0,1002.3,
2026-07-23T11:00,27.2,93,35.5,6.4,196,32.4,53,98,0.7,0.7,0.0,0.0,1001.9,
2026-07-23T12:00,28.7,82,34.0,15.6,204,39.2,53,100,0.9,0.9,0.0,0.0,1001.3,
2026-07-23T13:00,27.1,88,32.1,11.4,199,36.7,63,98,4.4,4.4,0.0,0.0,1000.3,
2026-07-23T14:00,27.7,87,32.3,16.0,219,36.7,61,98,1.3,1.3,0.0,0.0,1000.3,
2026-07-23T15:00,27.3,89,32.7,10.7,220,38.9,61,100,2.4,2.4,0.0,0.0,1000.3,
2026-07-23T16:00,26.9,88,31.7,12.1,210,24.5,55,91,1.0,1.0,0.0,0.0,999.8,
2026-07-23T17:00,27.2,87,31.8,13.7,214,33.8,63,100,3.0,3.0,0.0,0.0,1000.6,
2026-07-23T18:00,26.5,93,31.6,11.8,201,28.8,55,100,1.0,1.0,0.0,0.0,1001.0,
2026-07-23T19:00,26.1,95,31.3,11.6,202,27.4,53,99,0.6,0.6,0.0,0.0,1001.3,
2026-07-23T20:00,26.1,96,31.6,9.3,171,24.1,53,100,0.8,0.8,0.0,0.0,1002.1,
2026-07-23T21:00,26.4,95,31.9,10.5,187,19.8,51,100,0.2,0.2,0.0,0.0,1002.5,
2026-07-23T22:00,26.4,94,31.8,10.6,199,20.5,51,100,0.1,0.1,0.0,0.0,1002.5,
2026-07-23T23:00,27.0,93,32.7,10.3,195,20.2,3,100,0.0,0.0,0.0,0.0,1002.0,
2026-07-24T00:00,26.0,96,31.0,13.0,200,25.9,53,100,0.5,0.5,0.0,0.0,1001.3,
2026-07-24T01:00,25.1,98,29.9,11.9,209,28.4,65,100,10.6,10.6,0.0,0.0,1000.8,
2026-07-24T02:00,25.1,96,29.8,11.2,221,26.3,65,100,7.6,7.6,0.0,0.0,1000.5,
2026-07-24T03:00,25.0,97,29.8,10.7,230,22.7,63,100,4.1,4.1,0.0,0.0,1000.0,
2026-07-24T04:00,25.0,97,30.2,8.3,210,21.6,63,100,5.5,5.5,0.0,0.0,1000.4,
2026-07-24T05:00,25.5,97,30.8,9.8,206,19.1,63,100,6.1,6.1,0.0,0.0,1000.0,
2026-07-24T06:00,25.9,97,31.3,10.2,244,24.1,63,100,3.4,3.4,0.0,0.0,1000.4,
2026-07-24T07:00,25.9,95,31.1,10.7,237,22.3,61,99,1.7,1.7,0.0,0.0,1000.6,
2026-07-24T08:00,26.4,95,32.1,9.6,236,20.5,61,100,1.6,1.6,0.0,0.0,1001.1,
2026-07-24T09:00,26.5,95,32.4,8.8,227,19.1,61,100,1.6,1.6,0.0,0.0,1001.0,
2026-07-24T10:00,27.0,90,32.5,9.7,235,22.7,61,100,1.5,1.5,0.0,0.0,1000.6,
2026-07-24T11:00,28.6,80,33.4,12.2,257,21.6,61,100,2.0,2.0,0.0,0.0,1000.7,
2026-07-24T12:00,27.8,86,33.5,7.2,284,27.7,63,84,3.0,3.0,0.0,0.0,999.7,
2026-07-24T13:00,29.4,82,36.0,7.8,255,22.0,53,82,0.6,0.6,0.0,0.0,998.7,
2026-07-24T14:00,30.2,75,36.8,7.0,238,23.8,51,86,0.3,0.3,0.0,0.0,998.0,
2026-07-24T15:00,28.4,82,33.9,8.3,229,22.0,61,86,1.5,1.5,0.0,0.0,997.6,
2026-07-24T16:00,28.1,84,33.5,10.0,210,22.3,61,64,1.3,1.3,0.0,0.0,997.6,
2026-07-24T17:00,27.2,88,32.5,9.8,234,21.2,53,95,0.6,0.6,0.0,0.0,998.2,
2026-07-24T18:00,26.2,94,31.4,10.8,234,22.3,53,58,0.7,0.7,0.0,0.0,998.5,
2026-07-24T19:00,25.8,95,31.3,8.2,238,23.0,51,100,0.3,0.3,0.0,0.0,999.4,
2026-07-24T20:00,25.4,97,31.1,6.8,217,15.8,61,100,2.1,2.1,0.0,0.0,1000.5,
2026-07-24T21:00,25.3,98,30.9,7.4,179,14.8,63,100,5.2,5.2,0.0,0.0,1001.0,
2026-07-24T22:00,25.7,97,31.4,7.1,204,15.8,55,74,1.1,1.1,0.0,0.0,1001.1,
2026-07-24T23:00,25.5,97,31.2,6.4,232,13.7,55,80,1.2,1.2,0.0,0.0,1000.7,
