time,temperature,humidity,rain
2026-07-15T00:00,17.1,88,0.0
2026-07-15T01:00,15.9,94,0.0
2026-07-15T02:00,15.6,97,0.0
2026-07-15T03:00,15.3,98,0.0
2026-07-15T04:00,15.3,98,0.0
2026-07-15T05:00,15.7,97,0.0
2026-07-15T06:00,16.0,96,0.0
2026-07-15T07:00,16.4,94,0.0
2026-07-15T08:00,16.9,89,0.1
2026-07-15T09:00,18.1,81,0.0
2026-07-15T10:00,20.3,68,0.0
2026-07-15T11:00,23.0,55,0.0
2026-07-15T12:00,24.7,48,0.0
2026-07-15T13:00,25.1,47,0.0
2026-07-15T14:00,26.3,42,0.0
2026-07-15T15:00,26.6,40,0.0
2026-07-15T16:00,26.5,39,0.0
2026-07-15T17:00,25.9,41,0.0
2026-07-15T18:00,25.5,43,0.0
2026-07-15T19:00,23.7,51,0.0
2026-07-15T20:00,21.9,59,0.0
2026-07-15T21:00,20.0,67,0.0
2026-07-15T22:00,18.5,74,0.0
2026-07-15T23:00,17.4,79,0.0
2026-07-16T00:00,16.5,84,0.0
2026-07-16T01:00,15.0,93,0.0
2026-07-16T02:00,14.6,95,0.0
2026-07-16T03:00,14.2,97,0.0
2026-07-16T04:00,14.0,97,0.0
2026-07-16T05:00,14.0,97,0.0
2026-07-16T06:00,14.4,97,0.0
2026-07-16T07:00,15.8,91,0.0
2026-07-16T08:00,17.8,79,0.0
2026-07-16T09:00,19.4,72,0.0
2026-07-16T10:00,21.2,64,0.0
2026-07-16T11:00,23.0,58,0.0
2026-07-16T12:00,24.5,50,0.0
2026-07-16T13:00,25.2,45,0.0
2026-07-16T14:00,25.9,40,0.0
2026-07-16T15:00,26.1,39,0.0
2026-07-16T16:00,26.0,40,0.0
2026-07-16T17:00,25.6,42,0.0
2026-07-16T18:00,24.9,44,0.0
2026-07-16T19:00,24.2,43,0.0
2026-07-16T20:00,22.6,51,0.0
2026-07-16T21:00,20.8,59,0.0
2026-07-16T22:00,19.1,67,0.0
2026-07-16T23:00,17.7,74,0.0
2026-07-17T00:00,16.5,81,0.0
2026-07-17T01:00,14.8,90,0.0
2026-07-17T02:00,14.1,95,0.0
2026-07-17T03:00,13.5,97,0.0
2026-07-17T04:00,13.2,99,0.0
2026-07-17T05:00,13.4,100,0.0
2026-07-17T06:00,13.7,99,0.0
2026-07-17T07:00,14.3,92,0.0
2026-07-17T08:00,15.4,84,0.0
2026-07-17T09:00,17.2,73,0.0
2026-07-17T10:00,19.2,64,0.0
2026-07-17T11:00,20.9,57,0.0
2026-07-17T12:00,22.4,52,0.0
2026-07-17T13:00,24.5,47,0.0
2026-07-17T14:00,24.5,45,0.0
2026-07-17T15:00,24.9,44,0.0
2026-07-17T16:00,25.0,42,0.0
2026-07-17T17:00,24.6,43,0.0
2026-07-17T18:00,23.9,46,0.0
2026-07-17T19:00,23.2,48,0.0
2026-07-17T20:00,21.8,54,0.0
2026-07-17T21:00,19.9,59,0.0
2026-07-17T22:00,18.5,65,0.0
2026-07-17T23:00,17.3,71,0.0
2026-07-18T00:00,16.3,77,0.0
2026-07-18T01:00,14.6,84,0.0
2026-07-18T02:00,14.2,87,0.0
2026-07-18T03:00,13.8,91,0.0
2026-07-18T04:00,13.5,91,0.0
2026-07-18T05:00,13.1,89,0.0
2026-07-18T06:00,13.2,85,0.0
2026-07-18T07:00,14.4,75,0.0
2026-07-18T08:00,15.1,69,0.0
2026-07-18T09:00,16.2,62,0.0
2026-07-18T10:00,16.8,59,0.0
2026-07-18T11:00,18.4,53,0.0
2026-07-18T12:00,19.3,51,0.0
2026-07-18T13:00,18.5,56,0.0
2026-07-18T14:00,19.1,54,0.0
2026-07-18T15:00,19.6,52,0.0
2026-07-18T16:00,19.5,52,0.0
2026-07-18T17:00,19.5,52,0.0
2026-07-18T18:00,19.2,52,0.0
2026-07-18T19:00,18.4,55,0.0
2026-07-18T20:00,16.5,68,0.0
2026-07-18T21:00,15.6,70,0.0
2026-07-18T22:00,15.0,71,0.0
2026-07-18T23:00,14.3,72,0.0
2026-07-19T00:00,13.4,77,0.0
2026-07-19T01:00,12.7,77,0.0
2026-07-19T02:00,12.5,77,0.0
2026-07-19T03:00,12.0,78,0.0
2026-07-19T04:00,11.5,80,0.0
2026-07-19T05:00,11.0,80,0.0
2026-07-19T06:00,11.3,79,0.0
2026-07-19T07:00,12.5,76,0.0
2026-07-19T08:00,14.0,67,0.0
2026-07-19T09:00,15.2,57,0.0
2026-07-19T10:00,16.7,48,0.0
2026-07-19T11:00,17.8,42,0.0
2026-07-19T12:00,18.9,38,0.0
2026-07-19T13:00,19.2,42,0.0
2026-07-19T14:00,19.2,42,0.0
2026-07-19T15:00,19.4,42,0.0
2026-07-19T16:00,19.4,41,0.0
2026-07-19T17:00,19.6,40,0.0
2026-07-19T18:00,19.4,41,0.0
2026-07-19T19:00,18.6,44,0.0
2026-07-19T20:00,16.6,56,0.0
2026-07-19T21:00,15.3,62,0.0
2026-07-19T22:00,14.1,66,0.0
2026-07-19T23:00,13.3,71,0.0
2026-07-20T00:00,12.3,77,0.0
2026-07-20T01:00,10.5,85,0.0
2026-07-20T02:00,10.3,86,0.0
2026-07-20T03:00,10.2,88,0.0
2026-07-20T04:00,9.9,90,0.0
2026-07-20T05:00,9.3,91,0.0
2026-07-20T06:00,10.0,88,0.0
2026-07-20T07:00,11.5,82,0.0
2026-07-20T08:00,13.6,69,0.0
2026-07-20T09:00,15.2,59,0.0
2026-07-20T10:00,16.2,52,0.0
2026-07-20T11:00,18.9,38,0.0
2026-07-20T12:00,20.7,35,0.0
2026-07-20T13:00,22.2,35,0.0
2026-07-20T14:00,23.2,34,0.0
2026-07-20T15:00,23.6,32,0.0
2026-07-20T16:00,23.7,32,0.0
2026-07-20T17:00,23.7,34,0.0
2026-07-20T18:00,23.3,35,0.0
2026-07-20T19:00,22.7,37,0.0
2026-07-20T20:00,21.6,40,0.0
2026-07-20T21:00,20.0,45,0.0
2026-07-20T22:00,18.4,52,0.0
2026-07-20T23:00,17.0,62,0.0
2026-07-21T00:00,15.7,71,0.0
2026-07-21T01:00,13.9,78,0.0
2026-07-21T02:00,13.6,79,0.0
2026-07-21T03:00,12.8,87,0.0
2026-07-21T04:00,12.2,93,0.0
2026-07-21T05:00,12.1,95,0.0
2026-07-21T06:00,12.5,94,0.0
2026-07-21T07:00,13.7,88,0.0
2026-07-21T08:00,15.4,77,0.0
2026-07-21T09:00,17.1,69,0.0
2026-07-21T10:00,18.0,66,0.0
2026-07-21T11:00,18.5,65,0.0
2026-07-21T12:00,19.3,62,0.0
2026-07-21T13:00,19.3,62,0.0
2026-07-21T14:00,19.9,60,0.0
2026-07-21T15:00,20.5,58,0.0
2026-07-21T16:00,20.5,58,0.0
2026-07-21T17:00,21.0,56,0.0
2026-07-21T18:00,21.0,57,0.0
2026-07-21T19:00,20.6,57,0.0
2026-07-21T20:00,19.6,61,0.0
2026-07-21T21:00,18.0,67,0.0
2026-07-21T22:00,17.0,71,0.0
2026-07-21T23:00,16.2,75,0.0
2026-07-22T00:00,15.4,78,0.0
2026-07-22T01:00,14.0,83,0.0
2026-07-22T02:00,13.7,83,0.0
2026-07-22T03:00,13.3,84,0.0
2026-07-22T04:00,13.2,84,0.0
2026-07-22T05:00,14.1,79,0.0
2026-07-22T06:00,14.8,79,0.0
2026-07-22T07:00,16.0,74,0.0
2026-07-22T08:00,17.8,66,0.0
2026-07-22T09:00,19.4,60,0.0
2026-07-22T10:00,20.8,57,0.0
2026-07-22T11:00,22.5,52,0.0
2026-07-22T12:00,22.9,50,0.0
2026-07-22T13:00,22.7,51,0.0
2026-07-22T14:00,23.0,49,0.0
2026-07-22T15:00,24.0,45,0.0
2026-07-22T16:00,23.8,44,0.0
2026-07-22T17:00,23.8,44,0.0
2026-07-22T18:00,22.8,49,0.0
2026-07-22T19:00,20.9,59,0.0
2026-07-22T20:00,20.3,60,0.0
2026-07-22T21:00,19.2,62,0.0
2026-07-22T22:00,18.2,66,0.0
2026-07-22T23:00,17.5,69,0.0
2026-07-23T00:00,16.8,76,0.0
2026-07-23T01:00,15.0,87,0.0
2026-07-23T02:00,14.5,90,0.0
2026-07-23T03:00,14.3,91,0.0
2026-07-23T04:00,14.2,91,0.0
2026-07-23T05:00,14.0,91,0.0
2026-07-23T06:00,14.4,89,0.0
2026-07-23T07:00,16.0,81,0.0
2026-07-23T08:00,17.9,71,0.0
2026-07-23T09:00,19.5,64,0.0
2026-07-23T10:00,21.4,56,0.0
2026-07-23T11:00,22.9,50,0.0
2026-07-23T12:00,23.8,45,0.0
2026-07-23T13:00,24.4,44,0.0
2026-07-23T14:00,25.4,40,0.0
2026-07-23T15:00,25.4,39,0.0
2026-07-23T16:00,24.4,43,0.0
2026-07-23T17:00,24.9,42,0.0
2026-07-23T18:00,25.1,42,0.0
2026-07-23T19:00,25.0,40,0.0
2026-07-23T20:00,24.0,47,0.0
2026-07-23T21:00,22.0,52,0.0
2026-07-23T22:00,21.4,51,0.0
2026-07-23T23:00,19.9,58,0.0
2026-07-24T00:00,19.0,66,0.0
2026-07-24T01:00,17.3,68,0.0
2026-07-24T02:00,17.1,73,0.0
2026-07-24T03:00,16.1,81,0.0
2026-07-24T04:00,15.6,83,0.0
2026-07-24T05:00,15.1,84,0.0
2026-07-24T06:00,15.2,82,0.0
2026-07-24T07:00,16.0,77,0.0
2026-07-24T08:00,17.7,69,0.0
2026-07-24T09:00,19.5,61,0.0
2026-07-24T10:00,21.2,53,0.0
2026-07-24T11:00,23.1,46,0.0
2026-07-24T12:00,24.4,44,0.0
2026-07-24T13:00,25.6,42,0.0
2026-07-24T14:00,27.0,38,0.0
2026-07-24T15:00,27.3,37,0.0
2026-07-24T16:00,27.2,37,0.0
2026-07-24T17:00,27.1,36,0.0
2026-07-24T18:00,26.4,36,0.0
2026-07-24T19:00,25.8,37,0.0
2026-07-24T20:00,24.8,39,0.0
2026-07-24T21:00,23.2,42,0.0
2026-07-24T22:00,21.6,47,0.0
2026-07-24T23:00,20.1,53,0.0
2026-07-25T00:00,19.1,58,0.0
2026-07-25T01:00,16.7,69,0.0
2026-07-25T02:00,15.8,72,0.0
2026-07-25T03:00,14.9,76,0.0
2026-07-25T04:00,14.4,77,0.0
2026-07-25T05:00,14.0,78,0.0
2026-07-25T06:00,13.8,79,0.0
2026-07-25T07:00,15.0,74,0.0
2026-07-25T08:00,17.0,66,0.0
2026-07-25T09:00,19.1,59,0.0
2026-07-25T10:00,21.0,53,0.0
2026-07-25T11:00,22.4,48,0.0
2026-07-25T12:00,23.9,42,0.0
2026-07-25T13:00,25.3,37,0.0
2026-07-25T14:00,26.2,36,0.0
2026-07-25T15:00,26.7,36,0.0
2026-07-25T16:00,27.3,34,0.0
2026-07-25T17:00,27.3,35,0.0
2026-07-25T18:00,26.4,35,0.0
2026-07-25T19:00,25.3,36,0.0
2026-07-25T20:00,24.4,40,0.0
2026-07-25T21:00,22.6,49,0.0
2026-07-25T22:00,20.7,57,0.0
2026-07-25T23:00,20.2,60,0.0
2026-07-26T00:00,19.4,64,0.0
2026-07-26T01:00,18.4,70,0.0
2026-07-26T02:00,18.2,72,0.0
2026-07-26T03:00,17.8,74,0.0
2026-07-26T04:00,17.7,75,0.0
2026-07-26T05:00,18.3,76,0.0
2026-07-26T06:00,18.4,80,0.0
2026-07-26T07:00,18.5,86,0.1
2026-07-26T08:00,18.8,88,0.7
2026-07-26T09:00,20.2,80,0.1
2026-07-26T10:00,22.0,60,0.1
2026-07-26T11:00,23.1,50,0.0
2026-07-26T12:00,22.9,47,0.0
2026-07-26T13:00,24.5,40,0.0
2026-07-26T14:00,23.3,45,0.0
2026-07-26T15:00,23.8,43,0.0
2026-07-26T16:00,24.3,39,0.0
2026-07-26T17:00,23.6,40,0.0
2026-07-26T18:00,22.8,41,0.0
2026-07-26T19:00,21.9,43,0.0
2026-07-26T20:00,20.9,47,0.0
2026-07-26T21:00,19.5,55,0.0
2026-07-26T22:00,18.3,60,0.0
2026-07-26T23:00,17.7,63,0.0
2026-07-27T00:00,17.2,65,0.0
2026-07-27T01:00,16.5,68,0.0
2026-07-27T02:00,16.1,71,0.0
2026-07-27T03:00,15.6,73,0.0
2026-07-27T04:00,15.2,75,0.0
2026-07-27T05:00,14.8,77,0.0
2026-07-27T06:00,14.8,77,0.0
2026-07-27T07:00,15.9,73,0.0
2026-07-27T08:00,17.1,67,0.0
2026-07-27T09:00,18.4,60,0.0
2026-07-27T10:00,19.9,52,0.0
2026-07-27T11:00,20.9,47,0.0
2026-07-27T12:00,21.5,43,0.0
2026-07-27T13:00,22.2,43,0.0
2026-07-27T14:00,23.4,39,0.0
2026-07-27T15:00,24.5,37,0.0
2026-07-27T16:00,24.7,38,0.0
2026-07-27T17:00,24.7,39,0.0
2026-07-27T18:00,25.3,38,0.0
2026-07-27T19:00,24.5,41,0.0
2026-07-27T20:00,24.3,43,0.0
2026-07-27T21:00,22.7,49,0.0
2026-07-27T22:00,22.0,53,0.0
2026-07-27T23:00,21.0,61,0.0
2026-07-28T00:00,20.2,66,0.0
2026-07-28T01:00,18.8,71,0.0
2026-07-28T02:00,18.5,75,0.0
2026-07-28T03:00,18.0,78,0.0
2026-07-28T04:00,17.5,82,0.0
2026-07-28T05:00,16.7,88,0.0
2026-07-28T06:00,16.9,89,0.0
2026-07-28T07:00,18.2,84,0.0
2026-07-28T08:00,20.0,78,0.0
2026-07-28T09:00,21.8,69,0.0
2026-07-28T10:00,23.0,64,0.0
2026-07-28T11:00,24.2,58,0.0
2026-07-28T12:00,24.5,57,0.0
2026-07-28T13:00,26.4,51,0.1
2026-07-28T14:00,27.1,47,0.0
2026-07-28T15:00,28.2,42,0.0
2026-07-28T16:00,28.9,39,0.0
2026-07-28T17:00,28.7,39,0.0
2026-07-28T18:00,28.3,40,0.0
2026-07-28T19:00,27.8,42,0.0
2026-07-28T20:00,26.6,47,0.0
2026-07-28T21:00,24.2,56,0.0
2026-07-28T22:00,23.2,61,0.0
2026-07-28T23:00,23.0,61,0.0
2026-07-29T00:00,22.5,67,0.0
2026-07-29T01:00,21.0,73,0.0
2026-07-29T02:00,20.4,75,0.0
2026-07-29T03:00,19.1,81,0.0
2026-07-29T04:00,18.4,84,0.0
2026-07-29T05:00,17.6,87,0.0
2026-07-29T06:00,17.6,86,0.0
2026-07-29T07:00,19.2,79,0.0
2026-07-29T08:00,21.6,69,0.0
2026-07-29T09:00,23.8,56,0.0
2026-07-29T10:00,25.7,47,0.0
2026-07-29T11:00,27.6,44,0.0
2026-07-29T12:00,29.2,41,0.0
2026-07-29T13:00,30.8,35,0.0
2026-07-29T14:00,31.7,32,0.0
2026-07-29T15:00,32.6,28,0.0
2026-07-29T16:00,32.8,26,0.0
2026-07-29T17:00,32.6,27,0.0
2026-07-29T18:00,31.7,29,0.0
2026-07-29T19:00,30.7,33,0.0
2026-07-29T20:00,29.2,37,0.0
2026-07-29T21:00,26.8,43,0.0
2026-07-29T22:00,25.0,47,0.0
2026-07-29T23:00,23.8,51,0.0
2026-07-30T00:00,22.5,57,0.0
2026-07-30T01:00,20.2,68,0.0
2026-07-30T02:00,19.5,72,0.0
2026-07-30T03:00,18.7,75,0.0
2026-07-30T04:00,17.9,76,0.0
2026-07-30T05:00,17.3,77,0.0
2026-07-30T06:00,17.1,79,0.0
2026-07-30T07:00,18.2,76,0.0
2026-07-30T08:00,19.9,71,0.0
2026-07-30T09:00,21.4,65,0.0
2026-07-30T10:00,22.8,58,0.0
2026-07-30T11:00,24.1,53,0.0
2026-07-30T12:00,22.9,56,0.0
2026-07-30T13:00,26.1,43,0.0
2026-07-30T14:00,26.9,38,0.0
2026-07-30T15:00,27.3,36,0.0
2026-07-30T16:00,27.3,34,0.0
2026-07-30T17:00,25.2,45,0.0
2026-07-30T18:00,24.1,51,0.1
2026-07-30T19:00,22.8,55,0.1
2026-07-30T20:00,21.0,66,0.3
2026-07-30T21:00,19.2,81,0.6
2026-07-30T22:00,18.8,83,0.1
2026-07-30T23:00,18.6,84,0.1
2026-07-31T00:00,18.4,83,0.0
2026-07-31T01:00,17.1,83,0.0
2026-07-31T02:00,16.5,61,0.1
2026-07-31T03:00,15.9,59,0.1
2026-07-31T04:00,15.9,55,0.0
2026-07-31T05:00,15.7,55,0.0
2026-07-31T06:00,15.7,55,0.0
2026-07-31T07:00,15.6,57,0.0
2026-07-31T08:00,16.6,55,0.0
2026-07-31T09:00,17.8,52,0.0
2026-07-31T10:00,19.1,48,0.0
2026-07-31T11:00,20.3,43,0.0
2026-07-31T12:00,21.4,37,0.0
2026-07-31T13:00,22.2,32,0.0
2026-07-31T14:00,22.8,30,0.0
2026-07-31T15:00,24.2,25,0.0
2026-07-31T16:00,25.2,22,0.0
2026-07-31T17:00,25.0,22,0.0
2026-07-31T18:00,23.1,28,0.0
2026-07-31T19:00,22.7,31,0.0
2026-07-31T20:00,21.9,34,0.0
2026-07-31T21:00,20.3,38,0.0
2026-07-31T22:00,18.4,49,0.0
2026-07-31T23:00,17.4,57,0.0
2026-08-01T00:00,17.9,48,0.0
2026-08-01T01:00,16.5,52,0.0
2026-08-01T02:00,15.9,55,0.0
2026-08-01T03:00,14.9,58,0.0
2026-08-01T04:00,15.2,56,0.0
2026-08-01T05:00,14.9,57,0.0
2026-08-01T06:00,14.6,58,0.0
2026-08-01T07:00,14.8,59,0.0
2026-08-01T08:00,16.7,55,0.0
2026-08-01T09:00,18.3,51,0.0
2026-08-01T10:00,19.8,46,0.0
2026-08-01T11:00,21.1,41,0.0
2026-08-01T12:00,22.5,35,0.0
2026-08-01T13:00,23.6,30,0.0
2026-08-01T14:00,23.7,29,0.0
2026-08-01T15:00,24.0,29,0.0
2026-08-01T16:00,23.9,28,0.0
2026-08-01T17:00,24.1,28,0.0
2026-08-01T18:00,23.6,29,0.0
2026-08-01T19:00,23.0,31,0.0
2026-08-01T20:00,22.3,32,0.0
2026-08-01T21:00,20.8,35,0.0
2026-08-01T22:00,19.1,39,0.0
2026-08-01T23:00,18.4,40,0.0
2026-08-02T00:00,17.5,45,0.0
2026-08-02T01:00,15.3,52,0.0
2026-08-02T02:00,14.6,57,0.0
2026-08-02T03:00,14.0,61,0.0
2026-08-02T04:00,13.4,65,0.0
2026-08-02T05:00,12.7,70,0.0
2026-08-02T06:00,12.7,73,0.0
2026-08-02T07:00,14.0,72,0.0
2026-08-02T08:00,16.1,66,0.0
2026-08-02T09:00,18.5,60,0.0
2026-08-02T10:00,20.5,58,0.0
2026-08-02T11:00,22.3,51,0.0
2026-08-02T12:00,24.3,42,0.0
2026-08-02T13:00,25.1,37,0.0
2026-08-02T14:00,25.7,34,0.0
2026-08-02T15:00,24.8,36,0.0
2026-08-02T16:00,24.6,37,0.0
2026-08-02T17:00,24.8,36,0.0
2026-08-02T18:00,24.7,36,0.0
2026-08-02T19:00,23.3,37,0.0
2026-08-02T20:00,22.0,40,0.0
2026-08-02T21:00,20.3,45,0.0
2026-08-02T22:00,19.2,52,0.0
2026-08-02T23:00,18.3,59,0.0
2026-08-03T00:00,17.5,65,0.0
2026-08-03T01:00,16.8,67,0.0
2026-08-03T02:00,16.7,69,0.0
2026-08-03T03:00,16.9,69,0.0
2026-08-03T04:00,16.0,74,0.0
2026-08-03T05:00,15.3,79,0.0
2026-08-03T06:00,15.2,82,0.0
2026-08-03T07:00,16.5,80,0.0
2026-08-03T08:00,18.6,73,0.0
2026-08-03T09:00,20.7,66,0.0
2026-08-03T10:00,22.9,57,0.0
2026-08-03T11:00,25.0,48,0.0
2026-08-03T12:00,26.5,41,0.0
2026-08-03T13:00,28.0,36,0.0
2026-08-03T14:00,28.7,34,0.0
2026-08-03T15:00,29.3,33,0.0
2026-08-03T16:00,29.7,32,0.0
2026-08-03T17:00,28.8,34,0.0
2026-08-03T18:00,28.5,35,0.0
2026-08-03T19:00,26.4,43,0.0
2026-08-03T20:00,24.9,46,0.0
2026-08-03T21:00,23.0,54,0.0
2026-08-03T22:00,21.6,61,0.0
2026-08-03T23:00,20.4,65,0.0
2026-08-04T00:00,19.6,67,0.0
2026-08-04T01:00,18.6,71,0.0
2026-08-04T02:00,18.2,74,0.0
2026-08-04T03:00,17.3,80,0.0
2026-08-04T04:00,17.1,83,0.0
2026-08-04T05:00,16.6,85,0.0
2026-08-04T06:00,16.8,86,0.0
2026-08-04T07:00,18.8,80,0.0
2026-08-04T08:00,21.5,70,0.0
2026-08-04T09:00,23.9,54,0.0
2026-08-04T10:00,25.6,45,0.0
2026-08-04T11:00,26.9,41,0.0
2026-08-04T12:00,27.4,39,0.0
2026-08-04T13:00,28.3,36,0.0
2026-08-04T14:00,28.6,38,0.0
2026-08-04T15:00,28.0,43,0.0
2026-08-04T16:00,27.2,49,0.1
2026-08-04T17:00,25.6,57,0.2
2026-08-04T18:00,25.8,57,0.0
2026-08-04T19:00,25.3,56,0.0
2026-08-04T20:00,24.2,57,0.0
2026-08-04T21:00,22.9,61,0.0
2026-08-04T22:00,21.8,67,0.0
2026-08-04T23:00,20.8,72,0.0
2026-08-05T00:00,19.9,74,0.0
2026-08-05T01:00,18.8,80,0.0
2026-08-05T02:00,18.4,82,0.0
2026-08-05T03:00,17.9,86,0.0
2026-08-05T04:00,17.6,88,0.0
2026-08-05T05:00,17.4,90,0.0
2026-08-05T06:00,17.8,88,0.0
2026-08-05T07:00,18.4,85,0.0
2026-08-05T08:00,19.3,77,0.0
2026-08-05T09:00,20.6,69,0.1
2026-08-05T10:00,20.7,67,0.3
2026-08-05T11:00,22.3,58,0.1
2026-08-05T12:00,23.0,52,0.1
2026-08-05T13:00,23.8,44,0.1
2026-08-05T14:00,24.1,39,0.0
2026-08-05T15:00,24.1,37,0.0
2026-08-05T16:00,23.9,37,0.0
2026-08-05T17:00,23.4,36,0.0
2026-08-05T18:00,22.9,36,0.0
2026-08-05T19:00,21.9,37,0.0
2026-08-05T20:00,20.8,39,0.0
2026-08-05T21:00,19.3,43,0.0
2026-08-05T22:00,18.2,45,0.0
2026-08-05T23:00,17.4,49,0.0
2026-08-06T00:00,16.7,53,0.0
2026-08-06T01:00,15.0,60,0.0
2026-08-06T02:00,14.6,63,0.0
2026-08-06T03:00,14.0,68,0.0
2026-08-06T04:00,13.5,72,0.0
2026-08-06T05:00,13.0,77,0.0
2026-08-06T06:00,12.7,79,0.0
2026-08-06T07:00,13.7,76,0.0
2026-08-06T08:00,15.0,66,0.0
2026-08-06T09:00,16.2,58,0.0
2026-08-06T10:00,17.6,49,0.0
2026-08-06T11:00,18.8,42,0.0
2026-08-06T12:00,20.2,36,0.0
2026-08-06T13:00,20.5,35,0.0
2026-08-06T14:00,20.6,36,0.0
2026-08-06T15:00,21.0,34,0.0
2026-08-06T16:00,21.3,33,0.0
2026-08-06T17:00,21.4,32,0.0
2026-08-06T18:00,20.7,34,0.0
2026-08-06T19:00,20.1,35,0.0
2026-08-06T20:00,19.1,39,0.0
2026-08-06T21:00,17.3,45,0.0
2026-08-06T22:00,16.1,50,0.0
2026-08-06T23:00,15.3,55,0.0
2026-08-07T00:00,14.7,58,0.0
2026-08-07T01:00,12.7,67,0.0
2026-08-07T02:00,12.0,70,0.0
2026-08-07T03:00,11.6,74,0.0
2026-08-07T04:00,11.1,76,0.0
2026-08-07T05:00,10.5,79,0.0
2026-08-07T06:00,10.3,82,0.0
2026-08-07T07:00,12.2,73,0.0
2026-08-07T08:00,15.1,61,0.0
2026-08-07T09:00,17.4,51,0.0
2026-08-07T10:00,18.9,46,0.0
2026-08-07T11:00,20.6,39,0.0
2026-08-07T12:00,21.1,38,0.0
2026-08-07T13:00,22.3,37,0.0
2026-08-07T14:00,23.1,35,0.0
2026-08-07T15:00,23.5,35,0.0
2026-08-07T16:00,23.7,35,0.0
2026-08-07T17:00,23.7,34,0.0
2026-08-07T18:00,23.4,34,0.0
2026-08-07T19:00,23.1,33,0.0
2026-08-07T20:00,21.1,46,0.0
2026-08-07T21:00,19.4,44,0.0
2026-08-07T22:00,17.9,48,0.0
2026-08-07T23:00,16.7,57,0.0
2026-08-08T00:00,16.2,64,0.0
2026-08-08T01:00,14.1,78,0.0
2026-08-08T02:00,13.6,77,0.0
2026-08-08T03:00,13.0,74,0.0
2026-08-08T04:00,12.6,71,0.0
2026-08-08T05:00,12.7,71,0.0
2026-08-08T06:00,13.0,74,0.0
2026-08-08T07:00,14.6,68,0.0
2026-08-08T08:00,17.0,63,0.0
2026-08-08T09:00,19.6,48,0.0
2026-08-08T10:00,21.7,38,0.0
2026-08-08T11:00,23.1,37,0.0
2026-08-08T12:00,24.2,34,0.0
2026-08-08T13:00,25.6,29,0.0
2026-08-08T14:00,26.4,28,0.0
2026-08-08T15:00,27.0,27,0.0
2026-08-08T16:00,27.3,27,0.0
2026-08-08T17:00,27.1,28,0.0
2026-08-08T18:00,26.6,29,0.0
2026-08-08T19:00,25.6,31,0.0
2026-08-08T20:00,24.3,34,0.0
2026-08-08T21:00,22.8,36,0.0
2026-08-08T22:00,20.8,41,0.0
2026-08-08T23:00,19.7,44,0.0
2026-08-09T00:00,18.9,46,0.0
2026-08-09T01:00,17.5,51,0.0
2026-08-09T02:00,17.0,55,0.0
2026-08-09T03:00,16.1,60,0.0
2026-08-09T04:00,15.2,63,0.0
2026-08-09T05:00,14.8,62,0.0
2026-08-09T06:00,14.8,62,0.0
2026-08-09T07:00,16.4,59,0.0
2026-08-09T08:00,19.4,51,0.0
2026-08-09T09:00,21.9,42,0.0
2026-08-09T10:00,23.7,34,0.0
2026-08-09T11:00,24.7,30,0.0
2026-08-09T12:00,26.0,28,0.0
2026-08-09T13:00,27.6,26,0.0
2026-08-09T14:00,28.8,25,0.0
2026-08-09T15:00,29.4,24,0.0
2026-08-09T16:00,29.7,23,0.0
2026-08-09T17:00,29.5,24,0.0
2026-08-09T18:00,28.9,25,0.0
2026-08-09T19:00,28.2,26,0.0
2026-08-09T20:00,26.8,29,0.0
2026-08-09T21:00,25.3,33,0.0
2026-08-09T22:00,24.2,39,0.0
2026-08-09T23:00,23.2,43,0.0
2026-08-10T00:00,21.5,47,0.0
2026-08-10T01:00,19.7,52,0.0
2026-08-10T02:00,18.8,56,0.0
2026-08-10T03:00,17.8,61,0.0
2026-08-10T04:00,17.1,64,0.0
2026-08-10T05:00,16.7,65,0.0
2026-08-10T06:00,16.5,69,0.0
2026-08-10T07:00,17.3,72,0.0
2026-08-10T08:00,18.4,72,0.0
2026-08-10T09:00,19.5,66,0.0
2026-08-10T10:00,20.2,60,0.0
2026-08-10T11:00,20.5,53,0.0
2026-08-10T12:00,21.8,45,0.0
2026-08-10T13:00,22.6,38,0.0
2026-08-10T14:00,23.3,35,0.0
2026-08-10T15:00,23.7,33,0.0
2026-08-10T16:00,23.7,33,0.0
2026-08-10T17:00,23.1,36,0.0
2026-08-10T18:00,22.9,37,0.0
2026-08-10T19:00,22.4,39,0.0
2026-08-10T20:00,21.2,45,0.0
2026-08-10T21:00,17.9,67,0.0
2026-08-10T22:00,17.2,65,0.0
2026-08-10T23:00,16.6,67,0.0
2026-08-11T00:00,16.0,70,0.0
2026-08-11T01:00,14.7,73,0.0
2026-08-11T02:00,14.4,76,0.0
2026-08-11T03:00,14.1,79,0.0
2026-08-11T04:00,13.9,83,0.0
2026-08-11T05:00,13.7,87,0.0
2026-08-11T06:00,13.6,90,0.0
2026-08-11T07:00,15.0,84,0.0
2026-08-11T08:00,17.3,74,0.0
2026-08-11T09:00,19.3,64,0.0
2026-08-11T10:00,21.1,53,0.0
2026-08-11T11:00,22.3,47,0.0
2026-08-11T12:00,23.3,44,0.0
2026-08-11T13:00,23.8,43,0.0
2026-08-11T14:00,24.2,41,0.0
2026-08-11T15:00,24.4,39,0.0
2026-08-11T16:00,24.5,37,0.0
2026-08-11T17:00,24.2,37,0.0
2026-08-11T18:00,23.1,39,0.0
2026-08-11T19:00,21.6,42,0.0
2026-08-11T20:00,20.1,49,0.0
2026-08-11T21:00,18.6,58,0.0
2026-08-11T22:00,17.7,65,0.0
2026-08-11T23:00,16.9,72,0.0
2026-08-12T00:00,16.6,76,0.0
2026-08-12T01:00,15.8,82,0.0
2026-08-12T02:00,16.2,81,0.0
2026-08-12T03:00,16.4,82,0.0
2026-08-12T04:00,16.4,84,0.0
2026-08-12T05:00,16.3,86,0.0
2026-08-12T06:00,16.2,88,0.0
2026-08-12T07:00,17.6,83,0.0
2026-08-12T08:00,19.8,73,0.0
2026-08-12T09:00,21.9,61,0.0
2026-08-12T10:00,24.0,50,0.0
2026-08-12T11:00,25.9,43,0.0
2026-08-12T12:00,27.3,37,0.0
2026-08-12T13:00,29.0,30,0.0
2026-08-12T14:00,29.9,28,0.0
2026-08-12T15:00,30.6,27,0.0
2026-08-12T16:00,30.8,27,0.0
2026-08-12T17:00,30.6,28,0.0
2026-08-12T18:00,29.8,31,0.0
2026-08-12T19:00,27.9,34,0.0
2026-08-12T20:00,25.7,37,0.0
2026-08-12T21:00,23.7,39,0.0
2026-08-12T22:00,22.5,42,0.0
2026-08-12T23:00,21.7,46,0.0
2026-08-13T00:00,21.0,50,0.0
2026-08-13T01:00,19.2,59,0.0
2026-08-13T02:00,18.9,61,0.0
2026-08-13T03:00,18.5,64,0.0
2026-08-13T04:00,17.9,68,0.0
2026-08-13T05:00,17.1,74,0.0
2026-08-13T06:00,16.8,77,0.0
2026-08-13T07:00,19.0,70,0.0
2026-08-13T08:00,22.5,58,0.0
2026-08-13T09:00,26.3,46,0.0
2026-08-13T10:00,29.7,28,0.0
2026-08-13T11:00,31.2,22,0.0
2026-08-13T12:00,32.2,20,0.0
2026-08-13T13:00,33.5,19,0.0
2026-08-13T14:00,34.3,19,0.0
2026-08-13T15:00,34.7,18,0.0
2026-08-13T16:00,34.9,19,0.0
2026-08-13T17:00,34.9,19,0.0
2026-08-13T18:00,34.8,19,0.0
2026-08-13T19:00,32.9,21,0.0
2026-08-13T20:00,29.9,26,0.0
2026-08-13T21:00,27.8,31,0.0
2026-08-13T22:00,26.7,33,0.0
2026-08-13T23:00,26.3,32,0.0
2026-08-14T00:00,26.0,31,0.0
2026-08-14T01:00,24.0,38,0.0
2026-08-14T02:00,23.2,45,0.0
2026-08-14T03:00,22.3,51,0.0
2026-08-14T04:00,21.5,57,0.0
2026-08-14T05:00,20.4,62,0.0
2026-08-14T06:00,19.8,66,0.0
2026-08-14T07:00,20.6,63,0.0
2026-08-14T08:00,22.6,57,0.0
2026-08-14T09:00,24.7,52,0.0
2026-08-14T10:00,26.9,46,0.0
2026-08-14T11:00,28.7,41,0.0
2026-08-14T12:00,30.0,38,0.0
2026-08-14T13:00,31.1,35,0.0
2026-08-14T14:00,31.8,34,0.0
2026-08-14T15:00,32.1,33,0.0
2026-08-14T16:00,32.3,31,0.0
2026-08-14T17:00,32.0,30,0.0
2026-08-14T18:00,31.4,30,0.0
2026-08-14T19:00,30.7,31,0.0
2026-08-14T20:00,28.9,36,0.0
2026-08-14T21:00,27.7,39,0.0
2026-08-14T22:00,26.9,42,0.0
2026-08-14T23:00,25.0,54,0.0
