date,temp_max,temp_min,feels_like_max,feels_like_min,precipitation_mm,rain_mm,showers_mm,snowfall_cm,precipitation_hours,wind_speed_max,wind_gusts_max,wind_direction,sunrise,sunset,daylight_duration_sec,sunshine_duration_sec,weather_code,thunderstorm
2026-06-26,32.8,26.8,41.2,32.5,4.4,4.4,0.0,0.0,3.0,12.1,29.5,168,2026-06-26T04:53,2026-06-26T18:24,48666.98,44127.24,63,No
2026-06-27,34.3,27.3,41.6,33.8,1.9,1.9,0.0,0.0,7.0,12.2,26.6,167,2026-06-27T04:53,2026-06-27T18:24,48658.11,43577.75,53,No
2026-06-28,33.0,27.5,41.8,33.4,7.6,7.6,0.0,0.0,9.0,13.7,32.0,184,2026-06-28T04:54,2026-06-28T18:25,48647.6,41022.82,63,No
2026-06-29,33.5,26.8,41.7,33.0,23.1,23.1,0.0,0.0,14.0,11.6,30.2,171,2026-06-29T04:54,2026-06-29T18:25,48635.47,30449.16,63,No
2026-06-30,32.4,26.5,40.5,32.8,13.5,13.5,0.0,0.0,13.0,13.2,32.8,169,2026-06-30T04:54,2026-06-30T18:25,48621.72,24071.36,63,No
2026-07-01,31.3,26.0,38.2,31.4,6.3,6.3,0.0,0.0,16.0,9.2,24.8,154,2026-07-01T04:55,2026-07-01T18:25,48606.35,37792.91,61,No
2026-07-02,33.1,26.0,40.4,32.2,11.6,11.6,0.0,0.0,11.0,13.7,40.3,128,2026-07-02T04:55,2026-07-02T18:25,48589.21,41207.5,65,No
2026-07-03,32.6,27.0,39.6,33.3,4.5,4.5,0.0,0.0,12.0,15.8,42.5,95,2026-07-03T04:55,2026-07-03T18:25,48570.26,38111.98,55,No
2026-07-04,32.1,27.5,36.6,32.2,4.8,4.8,0.0,0.0,12.0,21.4,51.1,83,2026-07-04T04:56,2026-07-04T18:25,48549.55,39600.0,63,No
2026-07-05,30.4,26.9,35.6,31.2,9.7,9.7,0.0,0.0,22.0,18.2,40.7,104,2026-07-05T04:56,2026-07-05T18:25,48527.13,16807.93,61,No
2026-07-06,30.7,25.5,36.1,30.2,18.0,18.0,0.0,0.0,24.0,16.9,42.5,159,2026-07-06T04:56,2026-07-06T18:25,48503.04,26201.07,63,No
2026-07-07,29.4,25.0,35.3,29.8,23.7,23.7,0.0,0.0,14.0,21.2,48.2,187,2026-07-07T04:57,2026-07-07T18:25,48477.32,20931.95,63,No
2026-07-08,32.6,27.5,38.3,32.4,14.8,14.8,0.0,0.0,19.0,15.1,40.3,197,2026-07-08T04:57,2026-07-08T18:25,48450.02,20441.81,63,No
2026-07-09,29.1,26.4,35.6,31.7,32.7,32.7,0.0,0.0,19.0,21.0,47.9,201,2026-07-09T04:58,2026-07-09T18:25,48421.18,2715.57,65,No
2026-07-10,29.6,26.0,35.9,31.3,53.3,53.3,0.0,0.0,22.0,16.8,36.7,235,2026-07-10T04:58,2026-07-10T18:24,48390.85,2506.5,65,No
2026-07-11,32.4,26.4,38.8,31.5,24.6,24.6,0.0,0.0,22.0,16.2,40.0,246,2026-07-11T04:58,2026-07-11T18:24,48359.06,30341.02,63,No
2026-07-12,31.8,26.8,39.0,32.9,5.8,5.8,0.0,0.0,15.0,10.2,23.0,217,2026-07-12T04:59,2026-07-12T18:24,48325.87,11216.91,55,No
2026-07-13,32.1,26.1,39.2,32.8,18.7,18.7,0.0,0.0,19.0,11.1,24.8,247,2026-07-13T04:59,2026-07-13T18:24,48291.31,11059.19,63,No
2026-07-14,32.5,25.6,40.9,31.8,12.8,12.8,0.0,0.0,15.0,7.6,26.6,53,2026-07-14T05:00,2026-07-14T18:24,48255.44,41044.42,63,No
2026-07-15,32.3,26.6,39.8,33.0,3.6,3.6,0.0,0.0,11.0,15.2,37.8,81,2026-07-15T05:00,2026-07-15T18:24,48218.3,44378.41,55,No
2026-07-16,31.6,26.8,38.2,32.0,5.3,5.3,0.0,0.0,11.0,14.2,34.9,110,2026-07-16T05:00,2026-07-16T18:23,48179.92,42345.03,61,No
2026-07-17,31.3,27.1,37.3,32.7,12.7,12.7,0.0,0.0,15.0,15.9,33.1,165,2026-07-17T05:01,2026-07-17T18:23,48140.36,40818.87,63,No
2026-07-18,32.5,26.3,39.3,31.8,10.6,10.6,0.0,0.0,13.0,16.0,38.9,167,2026-07-18T05:01,2026-07-18T18:23,48099.66,43800.4,63,No
2026-07-19,30.8,25.8,37.4,31.1,34.1,34.1,0.0,0.0,17.0,12.6,31.3,163,2026-07-19T05:02,2026-07-19T18:23,48057.86,24693.14,65,No
2026-07-20,30.5,26.4,37.0,32.8,9.4,9.4,0.0,0.0,20.0,12.0,28.8,129,2026-07-20T05:02,2026-07-20T18:22,48015.0,10273.82,55,No
2026-07-21,28.7,25.2,34.8,30.0,22.7,22.7,0.0,0.0,19.0,12.0,28.4,121,2026-07-21T05:03,2026-07-21T18:22,47971.11,2617.53,63,No
2026-07-22,28.4,24.8,33.6,30.0,22.3,22.3,0.0,0.0,20.0,14.2,33.8,167,2026-07-22T05:03,2026-07-22T18:22,47925.82,12879.4,63,No
2026-07-23,29.3,24.5,35.7,29.2,19.2,19.2,0.0,0.0,22.0,17.4,40.3,196,2026-07-23T05:03,2026-07-23T18:21,47879.05,29253.46,63,No
2026-07-24,30.3,24.9,37.2,29.5,47.8,47.8,0.0,0.0,22.0,13.0,29.9,225,2026-07-24T05:04,2026-07-24T18:21,47830.85,13545.53,65,No
2026-07-25,31.1,25.5,37.3,31.0,4.1,4.1,0.0,0.0,15.0,15.4,42.5,93,2026-07-25T05:04,2026-07-25T18:21,47781.3,39405.97,55,No
2026-07-26,31.9,25.8,38.5,30.2,8.0,8.0,0.0,0.0,10.0,18.5,47.9,70,2026-07-26T05:05,2026-07-26T18:20,47730.46,40599.62,61,No
